Data Source,World Development Indicators,,,,,,,,,,,,,,,,,,,,,,,,,,,,,,,,,,,,,,,,,,,,,,,,,,,,,,,,,,,,,,,
,,,,,,,,,,,,,,,,,,,,,,,,,,,,,,,,,,,,,,,,,,,,,,,,,,,,,,,,,,,,,,,,
Last Updated Date,12/16/2021,,,,,,,,,,,,,,,,,,,,,,,,,,,,,,,,,,,,,,,,,,,,,,,,,,,,,,,,,,,,,,,
,,,,,,,,,,,,,,,,,,,,,,,,,,,,,,,,,,,,,,,,,,,,,,,,,,,,,,,,,,,,,,,,
Country Name,Country Code,Indicator Name,Indicator Code,1960,1961,1962,1963,1964,1965,1966,1967,1968,1969,1970,1971,1972,1973,1974,1975,1976,1977,1978,1979,1980,1981,1982,1983,1984,1985,1986,1987,1988,1989,1990,1991,1992,1993,1994,1995,1996,1997,1998,1999,2000,2001,2002,2003,2004,2005,2006,2007,2008,2009,2010,2011,2012,2013,2014,2015,2016,2017,2018,2019,2020
Aruba,ABW,Prevalence of undernourishment (% of population),SN.ITK.DEFC.ZS,,,,,,,,,,,,,,,,,,,,,,,,,,,,,,,,,,,,,,,,,,,,,,,,,,,,,,,,,,,,,
Africa Eastern and Southern,AFE,Prevalence of undernourishment (% of population),SN.ITK.DEFC.ZS,,,,,,,,,,,,,,,,,,,,,,,,,,,,,,,,,,,,,,,,,,33.64899703,33.00928577,32.60202514,31.43322225,30.20990456,29.15350072,28.79167858,28.2457251,26.91292535,26.05202018,25.34358998,25.2947852,24.09640584,23.2218911,22.8243597,22.9678452,23.29480899,23.40549852,24.52407994,
Afghanistan,AFG,Prevalence of undernourishment (% of population),SN.ITK.DEFC.ZS,,,,,,,,,,,,,,,,,,,,,,,,,,,,,,,,,,,,,,,,,,47.8,45.6,40.6,38,36.1,33.3,29.8,26.5,24.4,23.7,24.7,28.2,26.3,24.2,21.5,22.2,23,23.4,25.6,
Africa Western and Central,AFW,Prevalence of undernourishment (% of population),SN.ITK.DEFC.ZS,,,,,,,,,,,,,,,,,,,,,,,,,,,,,,,,,,,,,,,,,,16.15491875,15.71714531,15.20483143,14.54044045,13.75270973,13.17106569,12.64586335,12.37979964,11.97062006,11.80064615,11.50732113,11.90248393,11.8262439,11.91908787,11.69068812,11.73817634,12.00504273,12.42072982,14.63207372,
Angola,AGO,Prevalence of undernourishment (% of population),SN.ITK.DEFC.ZS,,,,,,,,,,,,,,,,,,,,,,,,,,,,,,,,,,,,,,,,,,67.5,63.2,58.7,55.1,52.2,49.3,46.1,42.9,33.2,24.4,17.2,16.3,15,14.2,14.5,15.4,15.4,15.5,17.3,
Albania,ALB,Prevalence of undernourishment (% of population),SN.ITK.DEFC.ZS,,,,,,,,,,,,,,,,,,,,,,,,,,,,,,,,,,,,,,,,,,4.9,6.1,7.5,8.6,8.9,8.8,8.3,7.3,5.9,4.9,4.1,3.5,3.9,4.4,4.7,4.3,4.1,4,3.9,
Andorra,AND,Prevalence of undernourishment (% of population),SN.ITK.DEFC.ZS,,,,,,,,,,,,,,,,,,,,,,,,,,,,,,,,,,,,,,,,,,,,,,,,,,,,,,,,,,,,,
Arab World,ARB,Prevalence of undernourishment (% of population),SN.ITK.DEFC.ZS,,,,,,,,,,,,,,,,,,,,,,,,,,,,,,,,,,,,,,,,,,12.55149901,12.46685421,12.65757739,12.85718477,12.72960104,12.48326568,12.27374899,12.13378585,12.53900615,13.30928619,13.83343603,13.94482307,13.22009115,13.0744709,13.16227485,13.51854302,13.67132621,13.60792029,14.00792571,
United Arab Emirates,ARE,Prevalence of undernourishment (% of population),SN.ITK.DEFC.ZS,,,,,,,,,,,,,,,,,,,,,,,,,,,,,,,,,,,,,,,,,,3.3,4.4,5.9,7.7,8.8,9.2,9,8.2,7.4,6.3,5.5,4.4,3.6,2.9,2.7,2.9,3.2,3.4,3.7,
Argentina,ARG,Prevalence of undernourishment (% of population),SN.ITK.DEFC.ZS,,,,,,,,,,,,,,,,,,,,,,,,,,,,,,,,,,,,,,,,,,3,3.8,4.5,4,3.7,3.4,3.3,3.3,3.3,3.4,3.3,3.1,2.8,2.5,2.5,2.6,3.1,3.5,3.9,
Armenia,ARM,Prevalence of undernourishment (% of population),SN.ITK.DEFC.ZS,,,,,,,,,,,,,,,,,,,,,,,,,,,,,,,,,,,,,,,,,,26.1,24.5,21.1,16,12.3,9.3,6.9,5.6,4.6,4.3,4,3.6,3.3,2.9,2.8,2.8,3.1,3.2,3.4,
American Samoa,ASM,Prevalence of undernourishment (% of population),SN.ITK.DEFC.ZS,,,,,,,,,,,,,,,,,,,,,,,,,,,,,,,,,,,,,,,,,,,,,,,,,,,,,,,,,,,,,
Antigua and Barbuda,ATG,Prevalence of undernourishment (% of population),SN.ITK.DEFC.ZS,,,,,,,,,,,,,,,,,,,,,,,,,,,,,,,,,,,,,,,,,,,,,,,,,,,,,,,,,,,,,
Australia,AUS,Prevalence of undernourishment (% of population),SN.ITK.DEFC.ZS,,,,,,,,,,,,,,,,,,,,,,,,,,,,,,,,,,,,,,,,,,2.5,2.5,2.5,2.5,2.5,2.5,2.5,2.5,2.5,2.5,2.5,2.5,2.5,2.5,2.5,2.5,2.5,2.5,2.5,
Austria,AUT,Prevalence of undernourishment (% of population),SN.ITK.DEFC.ZS,,,,,,,,,,,,,,,,,,,,,,,,,,,,,,,,,,,,,,,,,,2.5,2.5,2.5,2.5,2.5,2.5,2.5,2.5,2.5,2.5,2.5,2.5,2.5,2.5,2.5,2.5,2.5,2.5,2.5,
Azerbaijan,AZE,Prevalence of undernourishment (% of population),SN.ITK.DEFC.ZS,,,,,,,,,,,,,,,,,,,,,,,,,,,,,,,,,,,,,,,,,,17,13.4,10.4,7.4,4.8,2.8,2.5,2.5,2.5,2.5,2.5,2.5,2.5,2.5,2.5,2.5,2.5,2.5,2.5,
Burundi,BDI,Prevalence of undernourishment (% of population),SN.ITK.DEFC.ZS,,,,,,,,,,,,,,,,,,,,,,,,,,,,,,,,,,,,,,,,,,,,,,,,,,,,,,,,,,,,,
Belgium,BEL,Prevalence of undernourishment (% of population),SN.ITK.DEFC.ZS,,,,,,,,,,,,,,,,,,,,,,,,,,,,,,,,,,,,,,,,,,2.5,2.5,2.5,2.5,2.5,2.5,2.5,2.5,2.5,2.5,2.5,2.5,2.5,2.5,2.5,2.5,2.5,2.5,2.5,
Benin,BEN,Prevalence of undernourishment (% of population),SN.ITK.DEFC.ZS,,,,,,,,,,,,,,,,,,,,,,,,,,,,,,,,,,,,,,,,,,17.2,15.5,13.7,13.2,12,11,10.1,9,9.1,8.5,8.3,7.9,7.6,7.5,7.3,7.3,7.2,7.3,7.6,
Burkina Faso,BFA,Prevalence of undernourishment (% of population),SN.ITK.DEFC.ZS,,,,,,,,,,,,,,,,,,,,,,,,,,,,,,,,,,,,,,,,,,22.6,20.5,18.6,18.1,17.5,17.1,16,15.4,14.3,13.7,13.1,12.7,12.2,12,12,12.3,12.4,12.7,14.4,
Bangladesh,BGD,Prevalence of undernourishment (% of population),SN.ITK.DEFC.ZS,,,,,,,,,,,,,,,,,,,,,,,,,,,,,,,,,,,,,,,,,,15.9,15.1,14.9,14.4,14.2,13.8,13.9,13.6,14.7,15.2,15.7,15.5,15.1,14.2,14,13.3,12.5,10.8,9.7,
Bulgaria,BGR,Prevalence of undernourishment (% of population),SN.ITK.DEFC.ZS,,,,,,,,,,,,,,,,,,,,,,,,,,,,,,,,,,,,,,,,,,4,4.2,4.5,4.9,4.9,5.1,4.6,4.5,4.3,4.3,4.3,4,3.4,3.4,3.4,3.6,3.1,2.8,3,
Bahrain,BHR,Prevalence of undernourishment (% of population),SN.ITK.DEFC.ZS,,,,,,,,,,,,,,,,,,,,,,,,,,,,,,,,,,,,,,,,,,,,,,,,,,,,,,,,,,,,,
"Bahamas, The",BHS,Prevalence of undernourishment (% of population),SN.ITK.DEFC.ZS,,,,,,,,,,,,,,,,,,,,,,,,,,,,,,,,,,,,,,,,,,,,,,,,,,,,,,,,,,,,,
Bosnia and Herzegovina,BIH,Prevalence of undernourishment (% of population),SN.ITK.DEFC.ZS,,,,,,,,,,,,,,,,,,,,,,,,,,,,,,,,,,,,,,,,,,3.2,3,2.6,2.5,2.5,2.5,2.5,2.5,2.5,2.5,2.5,2.5,2.5,2.5,2.5,2.5,2.5,2.5,2.5,
Belarus,BLR,Prevalence of undernourishment (% of population),SN.ITK.DEFC.ZS,,,,,,,,,,,,,,,,,,,,,,,,,,,,,,,,,,,,,,,,,,2.5,2.7,3.3,3.3,2.5,2.5,2.5,2.5,2.5,2.5,2.5,2.5,2.5,2.5,2.5,2.5,2.5,2.5,2.5,
Belize,BLZ,Prevalence of undernourishment (% of population),SN.ITK.DEFC.ZS,,,,,,,,,,,,,,,,,,,,,,,,,,,,,,,,,,,,,,,,,,5.8,5.4,5.5,5.5,5.7,5.8,6.6,7.1,6.9,6.8,7.1,7.8,8.1,7.8,7.7,7.2,6.7,6.2,5.9,
Bermuda,BMU,Prevalence of undernourishment (% of population),SN.ITK.DEFC.ZS,,,,,,,,,,,,,,,,,,,,,,,,,,,,,,,,,,,,,,,,,,,,,,,,,,,,,,,,,,,,,
Bolivia,BOL,Prevalence of undernourishment (% of population),SN.ITK.DEFC.ZS,,,,,,,,,,,,,,,,,,,,,,,,,,,,,,,,,,,,,,,,,,27.9,26.9,27.7,27.7,26.8,24.6,23.9,24.7,22.9,20.3,17.2,16.5,16.4,15.5,14.3,13.1,12.5,12.6,12.6,
Brazil,BRA,Prevalence of undernourishment (% of population),SN.ITK.DEFC.ZS,,,,,,,,,,,,,,,,,,,,,,,,,,,,,,,,,,,,,,,,,,10.7,9.3,7.9,6.8,6.5,6.2,5.6,5.1,4.4,3.9,3.4,3.1,2.8,2.6,2.5,2.5,2.5,2.5,2.5,
Barbados,BRB,Prevalence of undernourishment (% of population),SN.ITK.DEFC.ZS,,,,,,,,,,,,,,,,,,,,,,,,,,,,,,,,,,,,,,,,,,6.4,6.2,6.7,6.2,6.1,5.3,5.3,4.9,4.8,4.8,4.7,4.5,4.4,4.2,4.3,4.3,4.3,4.2,4.1,
Brunei Darussalam,BRN,Prevalence of undernourishment (% of population),SN.ITK.DEFC.ZS,,,,,,,,,,,,,,,,,,,,,,,,,,,,,,,,,,,,,,,,,,2.6,2.5,2.5,2.5,2.5,2.5,2.5,2.5,2.5,2.5,2.5,2.5,2.5,2.5,2.5,2.5,2.5,2.5,2.5,
Bhutan,BTN,Prevalence of undernourishment (% of population),SN.ITK.DEFC.ZS,,,,,,,,,,,,,,,,,,,,,,,,,,,,,,,,,,,,,,,,,,,,,,,,,,,,,,,,,,,,,
Botswana,BWA,Prevalence of undernourishment (% of population),SN.ITK.DEFC.ZS,,,,,,,,,,,,,,,,,,,,,,,,,,,,,,,,,,,,,,,,,,23.7,24.1,24.5,24.2,25.2,27.5,29.8,30.9,31.6,31.5,30.2,29.7,28,27.3,26.4,27.7,28.9,29.5,29.3,
Central African Republic,CAF,Prevalence of undernourishment (% of population),SN.ITK.DEFC.ZS,,,,,,,,,,,,,,,,,,,,,,,,,,,,,,,,,,,,,,,,,,39.2,40.1,40.6,40.5,39.6,37.7,35.7,33.3,31,29.1,28.1,32.8,40.3,48.3,49.9,48.6,46.1,46.7,48.2,
Canada,CAN,Prevalence of undernourishment (% of population),SN.ITK.DEFC.ZS,,,,,,,,,,,,,,,,,,,,,,,,,,,,,,,,,,,,,,,,,,2.5,2.5,2.5,2.5,2.5,2.5,2.5,2.5,2.5,2.5,2.5,2.5,2.5,2.5,2.5,2.5,2.5,2.5,2.5,
Central Europe and the Baltics,CEB,Prevalence of undernourishment (% of population),SN.ITK.DEFC.ZS,,,,,,,,,,,,,,,,,,,,,,,,,,,,,,,,,,,,,,,,,,3.022952414,2.927364675,2.887384075,2.870320065,2.825342626,2.844315688,2.798272794,2.765664581,2.704957147,2.679115562,2.67360886,2.652264441,2.641338023,2.709416054,2.741154611,2.739586883,2.647206742,2.605544258,2.613957693,
Switzerland,CHE,Prevalence of undernourishment (% of population),SN.ITK.DEFC.ZS,,,,,,,,,,,,,,,,,,,,,,,,,,,,,,,,,,,,,,,,,,2.5,2.5,2.5,2.5,2.5,2.5,2.5,2.5,2.5,2.5,2.5,2.5,2.5,2.5,2.5,2.5,2.5,2.5,2.5,
Channel Islands,CHI,Prevalence of undernourishment (% of population),SN.ITK.DEFC.ZS,,,,,,,,,,,,,,,,,,,,,,,,,,,,,,,,,,,,,,,,,,,,,,,,,,,,,,,,,,,,,
Chile,CHL,Prevalence of undernourishment (% of population),SN.ITK.DEFC.ZS,,,,,,,,,,,,,,,,,,,,,,,,,,,,,,,,,,,,,,,,,,3.4,3.2,3.2,3.2,3.1,3.1,3.1,3.4,3.6,3.6,3.4,3.2,3.1,3.1,3,3.1,3,3,3.4,
China,CHN,Prevalence of undernourishment (% of population),SN.ITK.DEFC.ZS,,,,,,,,,,,,,,,,,,,,,,,,,,,,,,,,,,,,,,,,,,10.1,9.5,8.8,8,7.1,6.1,5,4,2.8,2.5,2.5,2.5,2.5,2.5,2.5,2.5,2.5,2.5,2.5,
Cote d'Ivoire,CIV,Prevalence of undernourishment (% of population),SN.ITK.DEFC.ZS,,,,,,,,,,,,,,,,,,,,,,,,,,,,,,,,,,,,,,,,,,20.4,21.3,21.2,20.6,20.2,20.2,21.1,22.1,22.3,22.3,21.7,21.9,20.4,18.6,16.5,15.5,15,14.9,14.9,
Cameroon,CMR,Prevalence of undernourishment (% of population),SN.ITK.DEFC.ZS,,,,,,,,,,,,,,,,,,,,,,,,,,,,,,,,,,,,,,,,,,22.9,20.7,19.3,17.6,15.9,14.1,12.6,11.2,9.1,7.6,6.2,5.8,5.6,5.5,5.4,5.5,5.6,5.6,5.3,
"Congo, Dem. Rep.",COD,Prevalence of undernourishment (% of population),SN.ITK.DEFC.ZS,,,,,,,,,,,,,,,,,,,,,,,,,,,,,,,,,,,,,,,,,,38.2,38.2,38.2,38.3,38.4,38.5,38.6,38.7,38.7,38.8,40,41.5,41.5,40.7,40.1,39.9,40.2,40.4,41.7,
"Congo, Rep.",COG,Prevalence of undernourishment (% of population),SN.ITK.DEFC.ZS,,,,,,,,,,,,,,,,,,,,,,,,,,,,,,,,,,,,,,,,,,27,26.4,26.4,31.7,34,36.6,35.4,35.5,35.5,36.5,36,33,30.9,31.1,34.1,34.6,36,36.8,37.7,
Colombia,COL,Prevalence of undernourishment (% of population),SN.ITK.DEFC.ZS,,,,,,,,,,,,,,,,,,,,,,,,,,,,,,,,,,,,,,,,,,8.7,9.1,9.8,10.6,11.2,11.4,11,11.3,12.2,13.1,12.1,10.1,8.1,7.1,6.5,6.8,7.1,7.9,8.8,
Comoros,COM,Prevalence of undernourishment (% of population),SN.ITK.DEFC.ZS,,,,,,,,,,,,,,,,,,,,,,,,,,,,,,,,,,,,,,,,,,,,,,,,,,,,,,,,,,,,,
Cabo Verde,CPV,Prevalence of undernourishment (% of population),SN.ITK.DEFC.ZS,,,,,,,,,,,,,,,,,,,,,,,,,,,,,,,,,,,,,,,,,,14.5,14.4,13.1,11.3,11,11.4,12.3,13.1,15,15.8,16.3,16,16,16.4,16.8,17,16.7,16.2,15.4,
Costa Rica,CRI,Prevalence of undernourishment (% of population),SN.ITK.DEFC.ZS,,,,,,,,,,,,,,,,,,,,,,,,,,,,,,,,,,,,,,,,,,4.7,5,5.2,5,4.4,3.9,3.8,3.9,4,3.8,3.8,3.8,4.1,4.3,4.1,3.6,3.1,3,3.1,
Caribbean small states,CSS,Prevalence of undernourishment (% of population),SN.ITK.DEFC.ZS,,,,,,,,,,,,,,,,,,,,,,,,,,,,,,,,,,,,,,,,,,8.156216953,7.962160734,8.116236634,8.176440954,8.196061583,8.078165365,8.29716818,8.513813403,8.674462288,8.5519938,8.400357078,8.293511969,8.138933195,7.92799574,8.030311164,7.860246007,7.590156295,6.992514739,6.955462752,
Cuba,CUB,Prevalence of undernourishment (% of population),SN.ITK.DEFC.ZS,,,,,,,,,,,,,,,,,,,,,,,,,,,,,,,,,,,,,,,,,,2.5,2.5,2.5,2.5,2.5,2.5,2.5,2.5,2.5,2.5,2.5,2.5,2.5,2.5,2.5,2.5,2.5,2.5,2.5,
Curacao,CUW,Prevalence of undernourishment (% of population),SN.ITK.DEFC.ZS,,,,,,,,,,,,,,,,,,,,,,,,,,,,,,,,,,,,,,,,,,,,,,,,,,,,,,,,,,,,,
Cayman Islands,CYM,Prevalence of undernourishment (% of population),SN.ITK.DEFC.ZS,,,,,,,,,,,,,,,,,,,,,,,,,,,,,,,,,,,,,,,,,,,,,,,,,,,,,,,,,,,,,
Cyprus,CYP,Prevalence of undernourishment (% of population),SN.ITK.DEFC.ZS,,,,,,,,,,,,,,,,,,,,,,,,,,,,,,,,,,,,,,,,,,5.1,5.7,6.1,6.9,7.6,7.5,6.9,6.4,6.3,6.2,6.1,6.2,4.7,2.8,2.5,2.5,2.5,2.5,2.5,
Czech Republic,CZE,Prevalence of undernourishment (% of population),SN.ITK.DEFC.ZS,,,,,,,,,,,,,,,,,,,,,,,,,,,,,,,,,,,,,,,,,,2.5,2.5,2.5,2.5,2.5,2.5,2.5,2.5,2.5,2.5,2.5,2.5,2.5,2.5,2.5,2.5,2.5,2.5,2.5,
Germany,DEU,Prevalence of undernourishment (% of population),SN.ITK.DEFC.ZS,,,,,,,,,,,,,,,,,,,,,,,,,,,,,,,,,,,,,,,,,,2.5,2.5,2.5,2.5,2.5,2.5,2.5,2.5,2.5,2.5,2.5,2.5,2.5,2.5,2.5,2.5,2.5,2.5,2.5,
Djibouti,DJI,Prevalence of undernourishment (% of population),SN.ITK.DEFC.ZS,,,,,,,,,,,,,,,,,,,,,,,,,,,,,,,,,,,,,,,,,,42,40.8,38.2,34.7,31.3,27.3,25.1,23.4,23.2,22.9,22.2,20.8,19.7,18.1,17.5,16.7,16.4,16,16.2,
Dominica,DMA,Prevalence of undernourishment (% of population),SN.ITK.DEFC.ZS,,,,,,,,,,,,,,,,,,,,,,,,,,,,,,,,,,,,,,,,,,3.7,4.1,4.7,5,5.4,5,4.6,4.1,4.4,4.7,4.9,5.1,5.2,5.1,5.1,5,5.3,5.5,5.6,
Denmark,DNK,Prevalence of undernourishment (% of population),SN.ITK.DEFC.ZS,,,,,,,,,,,,,,,,,,,,,,,,,,,,,,,,,,,,,,,,,,2.5,2.5,2.5,2.5,2.5,2.5,2.5,2.5,2.5,2.5,2.5,2.5,2.5,2.5,2.5,2.5,2.5,2.5,2.5,
Dominican Republic,DOM,Prevalence of undernourishment (% of population),SN.ITK.DEFC.ZS,,,,,,,,,,,,,,,,,,,,,,,,,,,,,,,,,,,,,,,,,,20.4,22.6,23.6,23,19.2,16.4,16.2,16,14.6,12.3,10.3,9.7,8.9,8.3,7.4,6.8,6.4,6.7,8.3,
Algeria,DZA,Prevalence of undernourishment (% of population),SN.ITK.DEFC.ZS,,,,,,,,,,,,,,,,,,,,,,,,,,,,,,,,,,,,,,,,,,8,7.3,7,7,6.7,6.4,5.9,5.6,5.3,4.6,4,3.3,3.1,2.9,2.8,2.8,2.7,2.5,2.5,
East Asia & Pacific (excluding high income),EAP,Prevalence of undernourishment (% of population),SN.ITK.DEFC.ZS,,,,,,,,,,,,,,,,,,,,,,,,,,,,,,,,,,,,,,,,,,13.39035334,12.75366993,11.96598224,11.27606069,10.48414929,9.627054635,8.641857177,7.713379384,6.549614578,5.974031331,5.592015833,5.373376333,5.156103922,5.019245205,4.851273084,4.753384534,4.629337794,4.538330896,4.532076928,
Early-demographic dividend,EAR,Prevalence of undernourishment (% of population),SN.ITK.DEFC.ZS,,,,,,,,,,,,,,,,,,,,,,,,,,,,,,,,,,,,,,,,,,17.46319858,18.06399972,18.47728495,18.3478081,17.77661537,16.51745603,15.32030771,14.63150535,14.09918597,13.63018693,13.11711943,12.73649184,12.41213778,12.02628545,11.77091385,11.50640813,11.2944185,11.27700376,12.01731239,
East Asia & Pacific,EAS,Prevalence of undernourishment (% of population),SN.ITK.DEFC.ZS,,,,,,,,,,,,,,,,,,,,,,,,,,,,,,,,,,,,,,,,,,12.20297321,11.647497,10.95025678,10.34118323,9.638637187,8.878445667,8.005665424,7.179771797,6.148511278,5.639459056,5.286883132,5.089837545,4.895190227,4.771167717,4.621116865,4.534436378,4.422245325,4.340333143,4.332353092,
Europe & Central Asia (excluding high income),ECA,Prevalence of undernourishment (% of population),SN.ITK.DEFC.ZS,,,,,,,,,,,,,,,,,,,,,,,,,,,,,,,,,,,,,,,,,,5.183107977,4.829595747,4.506961148,4.154347609,3.900448496,3.659768281,3.50785848,3.428934144,3.198814249,2.952698745,2.725393164,2.698117759,2.689393076,2.69371987,2.714907094,2.716578589,2.709561681,2.689270298,2.705442909,
Europe & Central Asia,ECS,Prevalence of undernourishment (% of population),SN.ITK.DEFC.ZS,,,,,,,,,,,,,,,,,,,,,,,,,,,,,,,,,,,,,,,,,,3.754417515,3.580111068,3.426818077,3.263571237,3.144900265,3.03791757,2.967936264,2.928876044,2.821850409,2.710476419,2.609832165,2.59803206,2.59600294,2.603458387,2.616188181,2.615170825,2.605485442,2.594089846,2.600813372,
Ecuador,ECU,Prevalence of undernourishment (% of population),SN.ITK.DEFC.ZS,,,,,,,,,,,,,,,,,,,,,,,,,,,,,,,,,,,,,,,,,,21,22.7,22.7,22.7,22.4,22.8,22.1,21.3,16,12.3,8.5,9.1,9,8.9,9,9.7,10.7,11.2,12.4,
"Egypt, Arab Rep.",EGY,Prevalence of undernourishment (% of population),SN.ITK.DEFC.ZS,,,,,,,,,,,,,,,,,,,,,,,,,,,,,,,,,,,,,,,,,,5.2,5.4,6,6.4,6.4,6,5.7,5.6,5.5,5.4,5.1,5.2,4.9,4.6,4.4,4.6,4.9,5.1,5.4,
Euro area,EMU,Prevalence of undernourishment (% of population),SN.ITK.DEFC.ZS,,,,,,,,,,,,,,,,,,,,,,,,,,,,,,,,,,,,,,,,,,2.587725325,2.581694871,2.5741566,2.569333416,2.564847424,2.566130253,2.560925939,2.551240112,2.536534812,2.528285197,2.526557653,2.526970826,2.531534326,2.545848265,2.554319748,2.549446038,2.531881343,2.525483522,2.523901983,
Eritrea,ERI,Prevalence of undernourishment (% of population),SN.ITK.DEFC.ZS,,,,,,,,,,,,,,,,,,,,,,,,,,,,,,,,,,,,,,,,,,,,,,,,,,,,,,,,,,,,,
Spain,ESP,Prevalence of undernourishment (% of population),SN.ITK.DEFC.ZS,,,,,,,,,,,,,,,,,,,,,,,,,,,,,,,,,,,,,,,,,,2.5,2.5,2.5,2.5,2.5,2.5,2.5,2.5,2.5,2.5,2.5,2.5,2.5,2.5,2.5,2.5,2.5,2.5,2.5,
Estonia,EST,Prevalence of undernourishment (% of population),SN.ITK.DEFC.ZS,,,,,,,,,,,,,,,,,,,,,,,,,,,,,,,,,,,,,,,,,,3.6,3.5,3.3,2.9,2.5,2.5,2.5,2.5,2.5,2.5,2.5,2.5,2.5,2.5,2.5,2.5,2.5,2.5,2.5,
Ethiopia,ETH,Prevalence of undernourishment (% of population),SN.ITK.DEFC.ZS,,,,,,,,,,,,,,,,,,,,,,,,,,,,,,,,,,,,,,,,,,47,44.2,42.6,39,37.1,35.6,35,33.5,29.7,27.6,26,25.3,21.8,17.8,14.8,13.8,14,14.4,16.2,
European Union,EUU,Prevalence of undernourishment (% of population),SN.ITK.DEFC.ZS,,,,,,,,,,,,,,,,,,,,,,,,,,,,,,,,,,,,,,,,,,2.636772246,2.613342221,2.60379203,2.600964306,2.591236573,2.595301718,2.582359251,2.573005454,2.558179426,2.551684063,2.550221442,2.545368164,2.538816685,2.549640686,2.556014992,2.555391151,2.533896224,2.524215661,2.526093898,
Fragile and conflict affected situations,FCS,Prevalence of undernourishment (% of population),SN.ITK.DEFC.ZS,,,,,,,,,,,,,,,,,,,,,,,,,,,,,,,,,,,,,,,,,,27.86448849,26.92699256,26.06843469,24.85796697,23.84165798,22.90752851,21.98810802,21.19236428,20.33371861,20.21500968,20.24012747,20.74804292,20.00940268,19.55076926,19.41339093,19.75407743,20.29528156,20.59038795,22.40496238,
Finland,FIN,Prevalence of undernourishment (% of population),SN.ITK.DEFC.ZS,,,,,,,,,,,,,,,,,,,,,,,,,,,,,,,,,,,,,,,,,,2.5,2.5,2.5,2.5,2.5,2.5,2.5,2.5,2.5,2.5,2.5,2.5,2.5,2.5,2.5,2.5,2.5,2.5,2.5,
Fiji,FJI,Prevalence of undernourishment (% of population),SN.ITK.DEFC.ZS,,,,,,,,,,,,,,,,,,,,,,,,,,,,,,,,,,,,,,,,,,4,3.8,3.9,3.8,3.7,3.7,3.7,3.9,3.9,4,3.8,3.4,4.4,5.2,6.4,6.3,6.3,5.8,5.6,
France,FRA,Prevalence of undernourishment (% of population),SN.ITK.DEFC.ZS,,,,,,,,,,,,,,,,,,,,,,,,,,,,,,,,,,,,,,,,,,2.5,2.5,2.5,2.5,2.5,2.5,2.5,2.5,2.5,2.5,2.5,2.5,2.5,2.5,2.5,2.5,2.5,2.5,2.5,
Faroe Islands,FRO,Prevalence of undernourishment (% of population),SN.ITK.DEFC.ZS,,,,,,,,,,,,,,,,,,,,,,,,,,,,,,,,,,,,,,,,,,,,,,,,,,,,,,,,,,,,,
"Micronesia, Fed. Sts.",FSM,Prevalence of undernourishment (% of population),SN.ITK.DEFC.ZS,,,,,,,,,,,,,,,,,,,,,,,,,,,,,,,,,,,,,,,,,,,,,,,,,,,,,,,,,,,,,
Gabon,GAB,Prevalence of undernourishment (% of population),SN.ITK.DEFC.ZS,,,,,,,,,,,,,,,,,,,,,,,,,,,,,,,,,,,,,,,,,,10.7,12.1,13.3,13.9,14.3,14.8,15.9,16.8,17.4,17.2,17.2,17.3,16.1,14.7,13.9,15,16,16.2,15.7,
United Kingdom,GBR,Prevalence of undernourishment (% of population),SN.ITK.DEFC.ZS,,,,,,,,,,,,,,,,,,,,,,,,,,,,,,,,,,,,,,,,,,2.5,2.5,2.5,2.5,2.5,2.5,2.5,2.5,2.5,2.5,2.5,2.5,2.5,2.5,2.5,2.5,2.5,2.5,2.5,
Georgia,GEO,Prevalence of undernourishment (% of population),SN.ITK.DEFC.ZS,,,,,,,,,,,,,,,,,,,,,,,,,,,,,,,,,,,,,,,,,,7.7,5.9,4.8,4.1,4.1,4,4,3.6,3.7,4.2,4.6,4.3,5.4,6.6,8.1,8.3,8.3,8.1,8.7,
Ghana,GHA,Prevalence of undernourishment (% of population),SN.ITK.DEFC.ZS,,,,,,,,,,,,,,,,,,,,,,,,,,,,,,,,,,,,,,,,,,14.9,13.5,12.6,12.2,11.2,10.6,9.4,8.2,6.7,6.6,6.7,7.2,7.1,7.4,7.7,7.6,7.1,6.4,6.1,
Gibraltar,GIB,Prevalence of undernourishment (% of population),SN.ITK.DEFC.ZS,,,,,,,,,,,,,,,,,,,,,,,,,,,,,,,,,,,,,,,,,,,,,,,,,,,,,,,,,,,,,
Guinea,GIN,Prevalence of undernourishment (% of population),SN.ITK.DEFC.ZS,,,,,,,,,,,,,,,,,,,,,,,,,,,,,,,,,,,,,,,,,,,,,,,,,,,,,,,,,,,,,
"Gambia, The",GMB,Prevalence of undernourishment (% of population),SN.ITK.DEFC.ZS,,,,,,,,,,,,,,,,,,,,,,,,,,,,,,,,,,,,,,,,,,17.8,19.6,20.5,20.7,21.7,20.7,18.7,15.8,14.2,13.1,12.7,13,12.4,11.9,11.3,11.7,11.9,12.4,13.6,
Guinea-Bissau,GNB,Prevalence of undernourishment (% of population),SN.ITK.DEFC.ZS,,,,,,,,,,,,,,,,,,,,,,,,,,,,,,,,,,,,,,,,,,,,,,,,,,,,,,,,,,,,,
Equatorial Guinea,GNQ,Prevalence of undernourishment (% of population),SN.ITK.DEFC.ZS,,,,,,,,,,,,,,,,,,,,,,,,,,,,,,,,,,,,,,,,,,,,,,,,,,,,,,,,,,,,,
Greece,GRC,Prevalence of undernourishment (% of population),SN.ITK.DEFC.ZS,,,,,,,,,,,,,,,,,,,,,,,,,,,,,,,,,,,,,,,,,,2.5,2.5,2.5,2.5,2.5,2.5,2.5,2.5,2.5,2.5,2.5,2.5,2.5,2.5,2.5,2.5,2.5,2.5,2.5,
Grenada,GRD,Prevalence of undernourishment (% of population),SN.ITK.DEFC.ZS,,,,,,,,,,,,,,,,,,,,,,,,,,,,,,,,,,,,,,,,,,,,,,,,,,,,,,,,,,,,,
Greenland,GRL,Prevalence of undernourishment (% of population),SN.ITK.DEFC.ZS,,,,,,,,,,,,,,,,,,,,,,,,,,,,,,,,,,,,,,,,,,,,,,,,,,,,,,,,,,,,,
Guatemala,GTM,Prevalence of undernourishment (% of population),SN.ITK.DEFC.ZS,,,,,,,,,,,,,,,,,,,,,,,,,,,,,,,,,,,,,,,,,,22.2,19.9,18.9,19.1,18.9,17.8,18.2,17.9,17.7,16.5,16.5,17,17.6,17.7,17.3,16.4,16.3,16,16.8,
Guam,GUM,Prevalence of undernourishment (% of population),SN.ITK.DEFC.ZS,,,,,,,,,,,,,,,,,,,,,,,,,,,,,,,,,,,,,,,,,,,,,,,,,,,,,,,,,,,,,
Guyana,GUY,Prevalence of undernourishment (% of population),SN.ITK.DEFC.ZS,,,,,,,,,,,,,,,,,,,,,,,,,,,,,,,,,,,,,,,,,,6.5,6.5,6.8,6.9,7.1,7.1,7.5,7.6,7.7,7.3,6.6,5.9,5.9,6.1,6.7,6.3,6,5.5,5.2,
High income,HIC,Prevalence of undernourishment (% of population),SN.ITK.DEFC.ZS,,,,,,,,,,,,,,,,,,,,,,,,,,,,,,,,,,,,,,,,,,2.675549097,2.679351717,2.682735005,2.686104972,2.680763918,2.681746035,2.695704784,2.714250487,2.728231625,2.732985862,2.687468227,2.668336393,2.638008053,2.625855926,2.613749331,2.618048382,2.611172502,2.61147874,2.618125977,
"Hong Kong SAR, China",HKG,Prevalence of undernourishment (% of population),SN.ITK.DEFC.ZS,,,,,,,,,,,,,,,,,,,,,,,,,,,,,,,,,,,,,,,,,,2.5,2.5,2.5,2.5,2.5,2.5,2.5,2.5,2.5,2.5,2.5,2.5,2.5,2.5,2.5,2.5,2.5,2.5,2.5,
Honduras,HND,Prevalence of undernourishment (% of population),SN.ITK.DEFC.ZS,,,,,,,,,,,,,,,,,,,,,,,,,,,,,,,,,,,,,,,,,,21.9,21.2,21.7,22.2,22.3,21.8,21,20.8,18.3,15.9,13.5,13.4,14.1,14.6,14.5,13.8,13.2,13.1,13.5,
Heavily indebted poor countries (HIPC),HPC,Prevalence of undernourishment (% of population),SN.ITK.DEFC.ZS,,,,,,,,,,,,,,,,,,,,,,,,,,,,,,,,,,,,,,,,,,33.61624382,32.71333187,31.9656436,31.01881009,29.97802564,28.87600594,28.02291147,27.24716887,26.07046362,25.2898555,24.69207056,24.78659514,23.85312692,23.04584293,22.31324089,22.19886336,22.35758172,22.52384221,23.49838353,
Croatia,HRV,Prevalence of undernourishment (% of population),SN.ITK.DEFC.ZS,,,,,,,,,,,,,,,,,,,,,,,,,,,,,,,,,,,,,,,,,,6.8,4.6,3.7,3.1,2.5,2.5,2.5,2.5,2.5,2.5,2.5,2.5,2.5,2.5,2.5,2.5,2.5,2.5,2.5,
Haiti,HTI,Prevalence of undernourishment (% of population),SN.ITK.DEFC.ZS,,,,,,,,,,,,,,,,,,,,,,,,,,,,,,,,,,,,,,,,,,53.2,54.7,55.1,55.7,55,54.2,52.7,51.4,48.9,47.5,46.8,47.7,47.1,46.4,46.1,46.7,48,47.9,46.8,
Hungary,HUN,Prevalence of undernourishment (% of population),SN.ITK.DEFC.ZS,,,,,,,,,,,,,,,,,,,,,,,,,,,,,,,,,,,,,,,,,,2.5,2.5,2.5,2.5,2.5,2.5,2.5,2.5,2.5,2.5,2.5,2.5,2.5,2.5,2.5,2.5,2.5,2.5,2.5,
IBRD only,IBD,Prevalence of undernourishment (% of population),SN.ITK.DEFC.ZS,,,,,,,,,,,,,,,,,,,,,,,,,,,,,,,,,,,,,,,,,,12.68390067,12.82230988,12.84872886,12.65189064,12.13613429,11.17274476,10.11725171,9.425927523,8.790837258,8.42986291,8.107160338,7.813822687,7.678884771,7.554730465,7.48473872,7.394471737,7.296795921,7.360287955,7.875268948,
IDA & IBRD total,IBT,Prevalence of undernourishment (% of population),SN.ITK.DEFC.ZS,,,,,,,,,,,,,,,,,,,,,,,,,,,,,,,,,,,,,,,,,,15.20701275,15.24557675,15.15886717,14.79033997,14.17639452,13.21609739,12.27007363,11.63491506,11.01766498,10.68698665,10.39555641,10.24093303,10.01064087,9.804954101,9.675915754,9.613999836,9.57842975,9.640716121,10.29202962,
IDA total,IDA,Prevalence of undernourishment (% of population),SN.ITK.DEFC.ZS,,,,,,,,,,,,,,,,,,,,,,,,,,,,,,,,,,,,,,,,,,25.4195347,24.9277918,24.27060654,23.11718974,22.02061974,20.97359562,20.34037153,19.81220523,19.15780018,18.83097259,18.54733842,18.78214899,18.11606655,17.52942536,17.10185384,17.03904317,17.11266766,17.06965595,18.05574342,
IDA blend,IDB,Prevalence of undernourishment (% of population),SN.ITK.DEFC.ZS,,,,,,,,,,,,,,,,,,,,,,,,,,,,,,,,,,,,,,,,,,17.82830912,18.23007923,17.82074102,16.34841918,14.93933683,13.88435514,13.51724224,13.48771831,13.16404666,13.05613637,12.84238303,13.14378874,12.61718064,12.13874089,11.7598956,11.84769037,12.09833056,12.37733007,14.11394203,
Indonesia,IDN,Prevalence of undernourishment (% of population),SN.ITK.DEFC.ZS,,,,,,,,,,,,,,,,,,,,,,,,,,,,,,,,,,,,,,,,,,19.2,19.1,18.9,19.1,19.2,19,18.5,17.4,15.5,13,10.7,9.4,8.3,7.7,7,6.8,6.4,6.4,6.5,
IDA only,IDX,Prevalence of undernourishment (% of population),SN.ITK.DEFC.ZS,,,,,,,,,,,,,,,,,,,,,,,,,,,,,,,,,,,,,,,,,,29.66671006,28.67502068,27.87888221,26.90502276,25.98718246,24.95144049,24.17803243,23.37922154,22.5474079,22.1069058,21.7921204,21.99386627,21.25239695,20.60784185,20.15609848,20.01055164,19.98577901,19.76078653,20.31842382,
Isle of Man,IMN,Prevalence of undernourishment (% of population),SN.ITK.DEFC.ZS,,,,,,,,,,,,,,,,,,,,,,,,,,,,,,,,,,,,,,,,,,,,,,,,,,,,,,,,,,,,,
India,IND,Prevalence of undernourishment (% of population),SN.ITK.DEFC.ZS,,,,,,,,,,,,,,,,,,,,,,,,,,,,,,,,,,,,,,,,,,18.4,20.1,21.5,22.1,21.6,19.6,17.5,16.6,16.3,16,15.6,15,15.1,14.9,14.7,14.2,13.8,14,15.3,
Not classified,INX,Prevalence of undernourishment (% of population),SN.ITK.DEFC.ZS,,,,,,,,,,,,,,,,,,,,,,,,,,,,,,,,,,,,,,,,,,,,,,,,,,,,,,,,,,,,,
Ireland,IRL,Prevalence of undernourishment (% of population),SN.ITK.DEFC.ZS,,,,,,,,,,,,,,,,,,,,,,,,,,,,,,,,,,,,,,,,,,2.5,2.5,2.5,2.5,2.5,2.5,2.5,2.5,2.5,2.5,2.5,2.5,2.5,2.5,2.5,2.5,2.5,2.5,2.5,
"Iran, Islamic Rep.",IRN,Prevalence of undernourishment (% of population),SN.ITK.DEFC.ZS,,,,,,,,,,,,,,,,,,,,,,,,,,,,,,,,,,,,,,,,,,4.8,5,5,4.9,5.2,5.5,5.7,5.4,5.5,6,6.3,6.2,5.3,4.9,4.7,4.9,5.2,5.4,5.5,
Iraq,IRQ,Prevalence of undernourishment (% of population),SN.ITK.DEFC.ZS,,,,,,,,,,,,,,,,,,,,,,,,,,,,,,,,,,,,,,,,,,22.4,22.7,23.1,23.8,23.8,25.1,25.7,24.9,27.9,31.6,36.7,37.1,36.7,36.8,37.8,38.4,37.9,37.4,37.5,
Iceland,ISL,Prevalence of undernourishment (% of population),SN.ITK.DEFC.ZS,,,,,,,,,,,,,,,,,,,,,,,,,,,,,,,,,,,,,,,,,,2.5,2.5,2.5,2.5,2.5,2.5,2.5,2.5,2.5,2.5,2.5,2.5,2.5,2.5,2.5,2.5,2.5,2.5,2.5,
Israel,ISR,Prevalence of undernourishment (% of population),SN.ITK.DEFC.ZS,,,,,,,,,,,,,,,,,,,,,,,,,,,,,,,,,,,,,,,,,,2.5,2.5,2.5,2.5,2.5,2.5,2.5,2.5,2.5,2.5,2.5,2.5,2.5,2.5,2.5,2.5,2.5,2.5,2.5,
Italy,ITA,Prevalence of undernourishment (% of population),SN.ITK.DEFC.ZS,,,,,,,,,,,,,,,,,,,,,,,,,,,,,,,,,,,,,,,,,,2.5,2.5,2.5,2.5,2.5,2.5,2.5,2.5,2.5,2.5,2.5,2.5,2.5,2.5,2.5,2.5,2.5,2.5,2.5,
Jamaica,JAM,Prevalence of undernourishment (% of population),SN.ITK.DEFC.ZS,,,,,,,,,,,,,,,,,,,,,,,,,,,,,,,,,,,,,,,,,,7.4,6.9,7,7.1,7.4,7.7,8.3,9,9.5,9.6,9.8,10.1,10.1,9.7,9.6,9.3,8.8,7.7,7.7,
Jordan,JOR,Prevalence of undernourishment (% of population),SN.ITK.DEFC.ZS,,,,,,,,,,,,,,,,,,,,,,,,,,,,,,,,,,,,,,,,,,9.7,7.7,6.3,5.7,5.5,5.7,6.1,6.5,6.9,7.1,7.5,8.5,7.9,7.2,6.3,7.1,7.7,8.2,9.5,
Japan,JPN,Prevalence of undernourishment (% of population),SN.ITK.DEFC.ZS,,,,,,,,,,,,,,,,,,,,,,,,,,,,,,,,,,,,,,,,,,2.5,2.5,2.5,2.5,2.5,2.5,2.5,2.5,2.6,2.7,2.5,2.5,2.5,2.5,2.5,2.5,2.5,2.5,2.5,
Kazakhstan,KAZ,Prevalence of undernourishment (% of population),SN.ITK.DEFC.ZS,,,,,,,,,,,,,,,,,,,,,,,,,,,,,,,,,,,,,,,,,,6.5,6.6,7.1,7.5,7.3,6.3,5.1,4.3,3.9,3.5,3.2,2.8,2.6,2.5,2.5,2.5,2.6,2.5,2.5,
Kenya,KEN,Prevalence of undernourishment (% of population),SN.ITK.DEFC.ZS,,,,,,,,,,,,,,,,,,,,,,,,,,,,,,,,,,,,,,,,,,32.2,33.6,34.9,32.1,28.5,26.1,26.9,26.6,24.1,24.2,23.9,24.9,22.1,20.9,21.5,23.2,24.6,24.4,24.8,
Kyrgyz Republic,KGZ,Prevalence of undernourishment (% of population),SN.ITK.DEFC.ZS,,,,,,,,,,,,,,,,,,,,,,,,,,,,,,,,,,,,,,,,,,15.1,13.2,11,9,9,9.7,10.4,9.8,9,8.3,8.1,8.1,7.9,7.6,8,7.9,7.7,7.2,7.2,
Cambodia,KHM,Prevalence of undernourishment (% of population),SN.ITK.DEFC.ZS,,,,,,,,,,,,,,,,,,,,,,,,,,,,,,,,,,,,,,,,,,23.6,21.2,19.4,18.5,17,15.6,14.8,14.5,13.9,13.3,12.7,12,10.8,9.6,8.9,8.5,7.7,6.8,6.2,
Kiribati,KIR,Prevalence of undernourishment (% of population),SN.ITK.DEFC.ZS,,,,,,,,,,,,,,,,,,,,,,,,,,,,,,,,,,,,,,,,,,4.4,4.6,5,5.1,5.3,5.5,6,6.2,6,5.6,5.2,5,4.3,3.8,3.2,3.3,3.5,3.8,4.1,
St. Kitts and Nevis,KNA,Prevalence of undernourishment (% of population),SN.ITK.DEFC.ZS,,,,,,,,,,,,,,,,,,,,,,,,,,,,,,,,,,,,,,,,,,,,,,,,,,,,,,,,,,,,,
"Korea, Rep.",KOR,Prevalence of undernourishment (% of population),SN.ITK.DEFC.ZS,,,,,,,,,,,,,,,,,,,,,,,,,,,,,,,,,,,,,,,,,,2.5,2.6,2.6,2.6,2.5,2.5,2.5,2.5,2.5,2.5,2.5,2.5,2.5,2.5,2.5,2.5,2.5,2.5,2.5,
Kuwait,KWT,Prevalence of undernourishment (% of population),SN.ITK.DEFC.ZS,,,,,,,,,,,,,,,,,,,,,,,,,,,,,,,,,,,,,,,,,,2.6,2.5,2.5,2.5,2.5,2.5,2.5,2.5,2.5,2.5,2.5,2.5,2.5,2.5,2.5,2.5,2.5,2.5,2.5,
Latin America & Caribbean (excluding high income),LAC,Prevalence of undernourishment (% of population),SN.ITK.DEFC.ZS,,,,,,,,,,,,,,,,,,,,,,,,,,,,,,,,,,,,,,,,,,10.90978545,10.62241885,10.39422136,10.02738447,9.643300823,9.142932967,8.698170742,8.465824825,7.959076445,7.546769273,6.922004076,6.553392439,6.093067682,5.902389954,5.927372507,6.13475364,6.312366048,6.464360037,6.944054135,
Lao PDR,LAO,Prevalence of undernourishment (% of population),SN.ITK.DEFC.ZS,,,,,,,,,,,,,,,,,,,,,,,,,,,,,,,,,,,,,,,,,,31.2,29.5,26.9,24.1,22.4,20.6,20.1,18.3,17.7,16,15.9,14.5,12.2,9,6.7,5.9,5.6,5.4,5.3,
Lebanon,LBN,Prevalence of undernourishment (% of population),SN.ITK.DEFC.ZS,,,,,,,,,,,,,,,,,,,,,,,,,,,,,,,,,,,,,,,,,,7.8,8.6,9.6,10.7,10.9,10.5,9.9,9.4,9.6,10.2,12.1,14.9,12.6,9.6,5.9,6.2,6.7,7.2,9.3,
Liberia,LBR,Prevalence of undernourishment (% of population),SN.ITK.DEFC.ZS,,,,,,,,,,,,,,,,,,,,,,,,,,,,,,,,,,,,,,,,,,36.6,38.1,37.6,36.5,35.8,35.3,34.4,32.9,32.9,34.6,35.2,36.3,36,37.2,36.4,36.4,36.6,37.5,38.9,
Libya,LBY,Prevalence of undernourishment (% of population),SN.ITK.DEFC.ZS,,,,,,,,,,,,,,,,,,,,,,,,,,,,,,,,,,,,,,,,,,,,,,,,,,,,,,,,,,,,,
St. Lucia,LCA,Prevalence of undernourishment (% of population),SN.ITK.DEFC.ZS,,,,,,,,,,,,,,,,,,,,,,,,,,,,,,,,,,,,,,,,,,,,,,,,,,,,,,,,,,,,,
Latin America & Caribbean,LCN,Prevalence of undernourishment (% of population),SN.ITK.DEFC.ZS,,,,,,,,,,,,,,,,,,,,,,,,,,,,,,,,,,,,,,,,,,10.82403707,10.56759923,10.3404276,9.788856,9.358739991,8.831679384,8.31451154,8.009920317,7.537836901,7.159681235,6.580305444,6.268802341,5.848715362,5.758192787,6.08617549,6.518139974,6.936258389,7.10967195,7.722481003,
Least developed countries: UN classification,LDC,Prevalence of undernourishment (% of population),SN.ITK.DEFC.ZS,,,,,,,,,,,,,,,,,,,,,,,,,,,,,,,,,,,,,,,,,,31.7588242,30.6472117,29.7210027,28.63928248,27.63833507,26.49382718,25.61189364,24.70244969,23.61198183,22.91561677,22.40034956,22.57114356,21.77636571,21.09614229,20.66785529,20.58952851,20.60293178,20.39333739,21.03785319,
Low income,LIC,Prevalence of undernourishment (% of population),SN.ITK.DEFC.ZS,,,,,,,,,,,,,,,,,,,,,,,,,,,,,,,,,,,,,,,,,,36.81651805,35.76482674,34.85663832,33.78427507,32.95998711,32.02656579,31.27990972,30.51730292,29.2649734,28.82392735,28.53556517,29.02728115,27.98342204,27.3153883,26.81805623,26.98866839,27.35611911,27.49929288,28.65502739,
Liechtenstein,LIE,Prevalence of undernourishment (% of population),SN.ITK.DEFC.ZS,,,,,,,,,,,,,,,,,,,,,,,,,,,,,,,,,,,,,,,,,,,,,,,,,,,,,,,,,,,,,
Sri Lanka,LKA,Prevalence of undernourishment (% of population),SN.ITK.DEFC.ZS,,,,,,,,,,,,,,,,,,,,,,,,,,,,,,,,,,,,,,,,,,16.9,16.3,16.1,15.6,14.7,14.1,12.8,11.9,11.4,11.3,10.9,10.3,9.2,8.1,6.8,6.3,5.9,6,6.8,
Lower middle income,LMC,Prevalence of undernourishment (% of population),SN.ITK.DEFC.ZS,,,,,,,,,,,,,,,,,,,,,,,,,,,,,,,,,,,,,,,,,,18.09220835,18.64778363,18.96053993,18.84612056,18.22909414,16.97166033,15.74873099,15.05690816,14.55473152,14.05150688,13.49014482,13.08277729,12.7900435,12.42322937,12.08771829,11.75710498,11.47867294,11.46328989,12.30479674,
Low & middle income,LMY,Prevalence of undernourishment (% of population),SN.ITK.DEFC.ZS,,,,,,,,,,,,,,,,,,,,,,,,,,,,,,,,,,,,,,,,,,15.42663466,15.46103304,15.36300732,15.01371916,14.40614979,13.45205941,12.51576329,11.88881423,11.27205834,10.94152511,10.6480165,10.4860576,10.24468843,10.02427689,9.859195869,9.773538383,9.716484721,9.772830538,10.40998822,
Lesotho,LSO,Prevalence of undernourishment (% of population),SN.ITK.DEFC.ZS,,,,,,,,,,,,,,,,,,,,,,,,,,,,,,,,,,,,,,,,,,20,18.5,16.8,15.3,13.7,12.8,12.4,12.3,11.9,11.6,11.5,11.8,14.8,20.8,29.9,28.3,26,20.8,23.5,
Late-demographic dividend,LTE,Prevalence of undernourishment (% of population),SN.ITK.DEFC.ZS,,,,,,,,,,,,,,,,,,,,,,,,,,,,,,,,,,,,,,,,,,10.12766616,9.464460064,8.73365995,8.059380954,7.416065906,6.733080317,5.928722836,5.23244912,4.401588448,4.144648469,4.006154169,3.872845317,3.720576514,3.630872206,3.559019568,3.561233472,3.558121907,3.55588776,3.609638791,
Lithuania,LTU,Prevalence of undernourishment (% of population),SN.ITK.DEFC.ZS,,,,,,,,,,,,,,,,,,,,,,,,,,,,,,,,,,,,,,,,,,2.5,2.5,2.5,2.5,2.5,2.5,2.5,2.5,2.5,2.5,2.5,2.5,2.5,2.5,2.5,2.5,2.5,2.5,2.5,
Luxembourg,LUX,Prevalence of undernourishment (% of population),SN.ITK.DEFC.ZS,,,,,,,,,,,,,,,,,,,,,,,,,,,,,,,,,,,,,,,,,,2.5,2.5,2.5,2.5,2.5,2.5,2.5,2.5,2.5,2.5,2.5,2.5,2.5,2.5,2.5,2.5,2.5,2.5,2.5,
Latvia,LVA,Prevalence of undernourishment (% of population),SN.ITK.DEFC.ZS,,,,,,,,,,,,,,,,,,,,,,,,,,,,,,,,,,,,,,,,,,4.6,3.4,2.8,2.5,2.5,2.5,2.5,2.5,2.5,2.5,2.5,2.5,2.5,2.5,2.5,2.5,2.5,2.5,2.5,
"Macao SAR, China",MAC,Prevalence of undernourishment (% of population),SN.ITK.DEFC.ZS,,,,,,,,,,,,,,,,,,,,,,,,,,,,,,,,,,,,,,,,,,21.2,20.6,19.1,17.3,16,15.2,14.9,14.5,14.2,13.8,13.3,13,10.1,7.6,5.1,5,4.8,4.5,4.3,
St. Martin (French part),MAF,Prevalence of undernourishment (% of population),SN.ITK.DEFC.ZS,,,,,,,,,,,,,,,,,,,,,,,,,,,,,,,,,,,,,,,,,,,,,,,,,,,,,,,,,,,,,
Morocco,MAR,Prevalence of undernourishment (% of population),SN.ITK.DEFC.ZS,,,,,,,,,,,,,,,,,,,,,,,,,,,,,,,,,,,,,,,,,,6.3,5.9,5.6,5.5,5.5,5.6,5.5,5.6,5.6,5.5,5.3,4.9,4.4,4.1,3.8,3.8,3.7,3.7,4.2,
Monaco,MCO,Prevalence of undernourishment (% of population),SN.ITK.DEFC.ZS,,,,,,,,,,,,,,,,,,,,,,,,,,,,,,,,,,,,,,,,,,,,,,,,,,,,,,,,,,,,,
Moldova,MDA,Prevalence of undernourishment (% of population),SN.ITK.DEFC.ZS,,,,,,,,,,,,,,,,,,,,,,,,,,,,,,,,,,,,,,,,,,,,,,,,,,,,,,,,,,,,,
Madagascar,MDG,Prevalence of undernourishment (% of population),SN.ITK.DEFC.ZS,,,,,,,,,,,,,,,,,,,,,,,,,,,,,,,,,,,,,,,,,,33.8,35.2,36.5,35,33.4,31,30.5,30.4,30.3,29,28.3,29.7,33.1,37.6,40.2,41.6,42.3,42.6,43.2,
Maldives,MDV,Prevalence of undernourishment (% of population),SN.ITK.DEFC.ZS,,,,,,,,,,,,,,,,,,,,,,,,,,,,,,,,,,,,,,,,,,,,,,,,,,,,,,,,,,,,,
Middle East & North Africa,MEA,Prevalence of undernourishment (% of population),SN.ITK.DEFC.ZS,,,,,,,,,,,,,,,,,,,,,,,,,,,,,,,,,,,,,,,,,,8.347758473,8.418598061,8.596320304,8.765911297,8.776645164,8.748951483,8.695969888,8.552230924,8.621630328,9.139749024,9.587463561,9.944926336,9.572373878,9.615689046,9.82381985,10.21929768,10.38284919,10.38078082,10.65035289,
Mexico,MEX,Prevalence of undernourishment (% of population),SN.ITK.DEFC.ZS,,,,,,,,,,,,,,,,,,,,,,,,,,,,,,,,,,,,,,,,,,3.3,3.7,4.3,4.6,4.4,4.1,4.1,4.5,4.8,5,4.9,4.8,4.3,4.4,5,5.8,6.1,6.2,7.2,
Marshall Islands,MHL,Prevalence of undernourishment (% of population),SN.ITK.DEFC.ZS,,,,,,,,,,,,,,,,,,,,,,,,,,,,,,,,,,,,,,,,,,,,,,,,,,,,,,,,,,,,,
Middle income,MIC,Prevalence of undernourishment (% of population),SN.ITK.DEFC.ZS,,,,,,,,,,,,,,,,,,,,,,,,,,,,,,,,,,,,,,,,,,13.95148545,14.03825869,13.97460182,13.65501943,13.04177038,12.06498928,11.09316489,10.4552173,9.86635282,9.522808444,9.206733531,8.968896302,8.770545933,8.564894525,8.405615598,8.275343484,8.158132377,8.182706169,8.74772787,
North Macedonia,MKD,Prevalence of undernourishment (% of population),SN.ITK.DEFC.ZS,,,,,,,,,,,,,,,,,,,,,,,,,,,,,,,,,,,,,,,,,,7.5,7.5,5.8,5.5,5,4.4,3.6,2.9,3.1,3.4,3.6,3.7,3.6,3.5,3.3,3,2.7,2.5,2.7,
Mali,MLI,Prevalence of undernourishment (% of population),SN.ITK.DEFC.ZS,,,,,,,,,,,,,,,,,,,,,,,,,,,,,,,,,,,,,,,,,,16.2,15.2,15.1,14.4,13.3,11.9,10.4,9.4,7.5,6,4.8,4.7,4.8,4.9,5,5.3,6.3,7.7,10.4,
Malta,MLT,Prevalence of undernourishment (% of population),SN.ITK.DEFC.ZS,,,,,,,,,,,,,,,,,,,,,,,,,,,,,,,,,,,,,,,,,,2.5,2.5,2.5,2.5,2.5,2.5,2.5,2.5,2.5,2.5,2.5,2.5,2.5,2.5,2.5,2.5,2.5,2.5,2.5,
Myanmar,MMR,Prevalence of undernourishment (% of population),SN.ITK.DEFC.ZS,,,,,,,,,,,,,,,,,,,,,,,,,,,,,,,,,,,,,,,,,,37.6,34.8,32.4,30.2,27.8,24.8,21.2,18.4,15.1,13.1,11.4,11.2,10.5,9.7,8.9,8.4,8.1,7.8,7.6,
Middle East & North Africa (excluding high income),MNA,Prevalence of undernourishment (% of population),SN.ITK.DEFC.ZS,,,,,,,,,,,,,,,,,,,,,,,,,,,,,,,,,,,,,,,,,,8.860201114,8.933341099,9.115348779,9.305484772,9.327777447,9.320185041,9.241335136,9.037506879,9.131498569,9.758383148,10.36523547,10.83390515,10.50526919,10.60408404,10.89841775,11.3544923,11.53924825,11.52651938,11.82404674,
Montenegro,MNE,Prevalence of undernourishment (% of population),SN.ITK.DEFC.ZS,,,,,,,,,,,,,,,,,,,,,,,,,,,,,,,,,,,,,,,,,,9.6,9.2,8.4,7.7,5.5,3.1,2.5,2.5,2.5,2.5,2.5,2.5,2.5,2.5,2.5,2.5,2.5,2.5,2.5,
Mongolia,MNG,Prevalence of undernourishment (% of population),SN.ITK.DEFC.ZS,,,,,,,,,,,,,,,,,,,,,,,,,,,,,,,,,,,,,,,,,,31.1,30.6,30.8,30.7,29.6,27.4,25.2,22.3,20.5,19.1,18.4,17.3,14.7,11.5,8.4,7.4,6.3,5.5,4.3,
Northern Mariana Islands,MNP,Prevalence of undernourishment (% of population),SN.ITK.DEFC.ZS,,,,,,,,,,,,,,,,,,,,,,,,,,,,,,,,,,,,,,,,,,,,,,,,,,,,,,,,,,,,,
Mozambique,MOZ,Prevalence of undernourishment (% of population),SN.ITK.DEFC.ZS,,,,,,,,,,,,,,,,,,,,,,,,,,,,,,,,,,,,,,,,,,36.5,35.2,34.1,34.1,33.3,32.4,29.9,28.6,25.8,24.1,21.8,21,22.4,25.7,29.7,31.5,31.4,31,31.2,
Mauritania,MRT,Prevalence of undernourishment (% of population),SN.ITK.DEFC.ZS,,,,,,,,,,,,,,,,,,,,,,,,,,,,,,,,,,,,,,,,,,8.3,7.9,8.3,8.5,9.4,8.8,8.1,7.3,7.2,7.3,7.1,7,7.3,7.7,8.3,8.5,8.6,8.7,9.1,
Mauritius,MUS,Prevalence of undernourishment (% of population),SN.ITK.DEFC.ZS,,,,,,,,,,,,,,,,,,,,,,,,,,,,,,,,,,,,,,,,,,5.7,5.6,5.4,5.2,5.1,5,5.2,5,4.8,4.7,5.3,5.6,5.6,5.3,5.6,5.7,5.9,5.7,6.2,
Malawi,MWI,Prevalence of undernourishment (% of population),SN.ITK.DEFC.ZS,,,,,,,,,,,,,,,,,,,,,,,,,,,,,,,,,,,,,,,,,,23.6,23.8,24.6,24,22.5,20.8,19.3,19,17.5,16.4,15.2,15.9,16.2,16.1,16,16.1,16.5,16.8,17.3,
Malaysia,MYS,Prevalence of undernourishment (% of population),SN.ITK.DEFC.ZS,,,,,,,,,,,,,,,,,,,,,,,,,,,,,,,,,,,,,,,,,,2.5,2.8,2.9,3.1,3.2,3.4,3.6,3.6,3.5,3.2,3,2.8,3.2,3.4,3.8,3.5,3.4,3.2,3.2,
North America,NAC,Prevalence of undernourishment (% of population),SN.ITK.DEFC.ZS,,,,,,,,,,,,,,,,,,,,,,,,,,,,,,,,,,,,,,,,,,2.5,2.5,2.5,2.5,2.5,2.5,2.5,2.5,2.5,2.5,2.5,2.5,2.5,2.5,2.5,2.5,2.5,2.5,2.5,
Namibia,NAM,Prevalence of undernourishment (% of population),SN.ITK.DEFC.ZS,,,,,,,,,,,,,,,,,,,,,,,,,,,,,,,,,,,,,,,,,,13.5,14.5,15.7,16.6,18.2,20.1,23.5,27.6,31.5,32.7,31.5,29.6,26.5,23.6,21,20.2,20,19.9,19.8,
New Caledonia,NCL,Prevalence of undernourishment (% of population),SN.ITK.DEFC.ZS,,,,,,,,,,,,,,,,,,,,,,,,,,,,,,,,,,,,,,,,,,8.4,8.7,9.1,9.5,9.6,9.5,9.4,9.1,8.9,8.5,8.2,8.1,7.4,6.8,6.2,6.5,6.8,7,6.9,
Niger,NER,Prevalence of undernourishment (% of population),SN.ITK.DEFC.ZS,,,,,,,,,,,,,,,,,,,,,,,,,,,,,,,,,,,,,,,,,,,,,,,,,,,,,,,,,,,,,
Nigeria,NGA,Prevalence of undernourishment (% of population),SN.ITK.DEFC.ZS,,,,,,,,,,,,,,,,,,,,,,,,,,,,,,,,,,,,,,,,,,8.9,8.9,8.6,7.9,7.1,6.7,6.6,6.8,7.3,7.8,8.1,8.8,9,9.3,9.2,9.4,10,10.7,14.6,
Nicaragua,NIC,Prevalence of undernourishment (% of population),SN.ITK.DEFC.ZS,,,,,,,,,,,,,,,,,,,,,,,,,,,,,,,,,,,,,,,,,,27.5,25.2,25,24,23.3,22.2,21.6,21.2,20.9,20.1,19.2,17.8,18.1,18.7,19,18,17.6,18.2,19.3,
Netherlands,NLD,Prevalence of undernourishment (% of population),SN.ITK.DEFC.ZS,,,,,,,,,,,,,,,,,,,,,,,,,,,,,,,,,,,,,,,,,,2.5,2.5,2.5,2.5,2.5,2.5,2.5,2.5,2.5,2.5,2.5,2.5,2.5,2.5,2.5,2.5,2.5,2.5,2.5,
Norway,NOR,Prevalence of undernourishment (% of population),SN.ITK.DEFC.ZS,,,,,,,,,,,,,,,,,,,,,,,,,,,,,,,,,,,,,,,,,,2.5,2.5,2.5,2.5,2.5,2.5,2.5,2.5,2.5,2.5,2.5,2.5,2.5,2.5,2.5,2.5,2.5,2.5,2.5,
Nepal,NPL,Prevalence of undernourishment (% of population),SN.ITK.DEFC.ZS,,,,,,,,,,,,,,,,,,,,,,,,,,,,,,,,,,,,,,,,,,23.5,21.7,19.8,17.6,16.8,15.9,14.9,13,11.6,10.5,9.2,8.1,7,6.4,5.3,4.5,4.2,4.3,4.8,
Nauru,NRU,Prevalence of undernourishment (% of population),SN.ITK.DEFC.ZS,,,,,,,,,,,,,,,,,,,,,,,,,,,,,,,,,,,,,,,,,,,,,,,,,,,,,,,,,,,,,
New Zealand,NZL,Prevalence of undernourishment (% of population),SN.ITK.DEFC.ZS,,,,,,,,,,,,,,,,,,,,,,,,,,,,,,,,,,,,,,,,,,2.5,2.5,2.5,2.5,2.5,2.5,2.5,2.5,2.5,2.5,2.5,2.5,2.5,2.5,2.5,2.5,2.5,2.5,2.5,
OECD members,OED,Prevalence of undernourishment (% of population),SN.ITK.DEFC.ZS,,,,,,,,,,,,,,,,,,,,,,,,,,,,,,,,,,,,,,,,,,2.812834857,2.861936214,2.936611098,2.989259725,2.986759725,2.969381825,2.956796962,3.006283846,3.07569539,3.134866503,3.071656316,2.992075038,2.880554083,2.861913063,2.897595589,2.982449226,3.016475774,3.056438829,3.192395267,
Oman,OMN,Prevalence of undernourishment (% of population),SN.ITK.DEFC.ZS,,,,,,,,,,,,,,,,,,,,,,,,,,,,,,,,,,,,,,,,,,12.3,11.3,11,10.1,9.6,9.6,9.7,9.7,9.4,9.1,8.4,7.3,6.8,7,8.1,8.4,8.4,8.1,8.2,
Other small states,OSS,Prevalence of undernourishment (% of population),SN.ITK.DEFC.ZS,,,,,,,,,,,,,,,,,,,,,,,,,,,,,,,,,,,,,,,,,,15.41296388,15.28912395,15.00330397,14.74432093,14.80338531,14.93763759,15.38990328,15.78751785,16.509224,16.73600231,16.52797566,16.15699506,15.34462512,15.01421511,15.25607088,15.26977158,15.23047589,14.74740183,15.05414197,
Pakistan,PAK,Prevalence of undernourishment (% of population),SN.ITK.DEFC.ZS,,,,,,,,,,,,,,,,,,,,,,,,,,,,,,,,,,,,,,,,,,21.1,21.8,21,19,17.6,16.4,15.8,15.8,15.9,15.9,15.9,15.9,15.1,13.9,12.8,12.4,12.1,12.2,12.9,
Panama,PAN,Prevalence of undernourishment (% of population),SN.ITK.DEFC.ZS,,,,,,,,,,,,,,,,,,,,,,,,,,,,,,,,,,,,,,,,,,24.5,20.5,21,21.3,21.6,18.5,16.2,14.1,12.9,11.8,10.2,9.1,8.5,8.3,8.1,7.8,7.5,7.4,7.5,
Peru,PER,Prevalence of undernourishment (% of population),SN.ITK.DEFC.ZS,,,,,,,,,,,,,,,,,,,,,,,,,,,,,,,,,,,,,,,,,,21.5,22.9,23.1,21.7,18.8,15.7,13.7,11.6,9.8,8.8,7.7,6.7,5.6,5.4,5.9,6.9,7.6,7.9,8.7,
Philippines,PHL,Prevalence of undernourishment (% of population),SN.ITK.DEFC.ZS,,,,,,,,,,,,,,,,,,,,,,,,,,,,,,,,,,,,,,,,,,18.7,18.4,17.1,16.2,14.9,14,13.1,12.6,12.8,13.4,13.7,13.7,13.8,13.8,13.3,12.1,10.9,9.7,9.4,
Palau,PLW,Prevalence of undernourishment (% of population),SN.ITK.DEFC.ZS,,,,,,,,,,,,,,,,,,,,,,,,,,,,,,,,,,,,,,,,,,,,,,,,,,,,,,,,,,,,,
Papua New Guinea,PNG,Prevalence of undernourishment (% of population),SN.ITK.DEFC.ZS,,,,,,,,,,,,,,,,,,,,,,,,,,,,,,,,,,,,,,,,,,26.3,27,27.7,28.6,27.4,27.3,26.6,27,24.7,22.7,21.1,21.3,22.8,23.8,25,25.2,25.1,24.9,24.6,
Poland,POL,Prevalence of undernourishment (% of population),SN.ITK.DEFC.ZS,,,,,,,,,,,,,,,,,,,,,,,,,,,,,,,,,,,,,,,,,,2.5,2.5,2.5,2.5,2.5,2.5,2.5,2.5,2.5,2.5,2.5,2.5,2.5,2.5,2.5,2.5,2.5,2.5,2.5,
Pre-demographic dividend,PRE,Prevalence of undernourishment (% of population),SN.ITK.DEFC.ZS,,,,,,,,,,,,,,,,,,,,,,,,,,,,,,,,,,,,,,,,,,26.71510797,26.44355804,25.94151833,25.19198654,24.13212863,23.23960406,22.6772067,22.22275178,21.66642334,21.36668915,21.16568001,21.56561949,21.06008927,20.90101419,20.77937711,21.08403615,21.42776419,21.67269761,23.29798832,
Puerto Rico,PRI,Prevalence of undernourishment (% of population),SN.ITK.DEFC.ZS,,,,,,,,,,,,,,,,,,,,,,,,,,,,,,,,,,,,,,,,,,,,,,,,,,,,,,,,,,,,,
"Korea, Dem. People's Rep.",PRK,Prevalence of undernourishment (% of population),SN.ITK.DEFC.ZS,,,,,,,,,,,,,,,,,,,,,,,,,,,,,,,,,,,,,,,,,,35.7,34.8,32.3,32.6,33.8,36.1,38.2,39.7,41.4,42.6,43,42.7,41.1,40.6,40.3,41.2,42.9,42.6,42.4,
Portugal,PRT,Prevalence of undernourishment (% of population),SN.ITK.DEFC.ZS,,,,,,,,,,,,,,,,,,,,,,,,,,,,,,,,,,,,,,,,,,2.5,2.5,2.5,2.5,2.5,2.5,2.5,2.5,2.5,2.5,2.5,2.5,2.5,2.5,2.5,2.5,2.5,2.5,2.5,
Paraguay,PRY,Prevalence of undernourishment (% of population),SN.ITK.DEFC.ZS,,,,,,,,,,,,,,,,,,,,,,,,,,,,,,,,,,,,,,,,,,10.5,9.3,8.8,9.1,9.5,9.7,9.4,9.6,9.2,8.4,7.8,7.7,7.7,7.4,7.4,7.7,7.8,7.9,9.2,
West Bank and Gaza,PSE,Prevalence of undernourishment (% of population),SN.ITK.DEFC.ZS,,,,,,,,,,,,,,,,,,,,,,,,,,,,,,,,,,,,,,,,,,,,,,,,,,,,,,,,,,,,,
Pacific island small states,PSS,Prevalence of undernourishment (% of population),SN.ITK.DEFC.ZS,,,,,,,,,,,,,,,,,,,,,,,,,,,,,,,,,,,,,,,,,,6.684727768,6.5549725,6.489141072,6.463742869,6.392395565,6.476984002,6.431970621,6.688511263,6.646765555,6.875423666,7.228409272,7.736281919,8.724534891,9.292897449,9.807305222,9.824977723,9.855648328,9.502886701,9.296311097,
Post-demographic dividend,PST,Prevalence of undernourishment (% of population),SN.ITK.DEFC.ZS,,,,,,,,,,,,,,,,,,,,,,,,,,,,,,,,,,,,,,,,,,2.565330093,2.539082048,2.541209554,2.540212854,2.524850721,2.525593401,2.521723365,2.520613882,2.531001198,2.542681919,2.518459204,2.516201827,2.510601498,2.509200017,2.50782467,2.509019988,2.505628526,2.503494575,2.50460735,
French Polynesia,PYF,Prevalence of undernourishment (% of population),SN.ITK.DEFC.ZS,,,,,,,,,,,,,,,,,,,,,,,,,,,,,,,,,,,,,,,,,,4.2,4.1,3.9,3.9,3.8,3.8,3.8,3.7,3.6,3.5,3.2,3.1,3.2,3.3,3.6,3.8,4,3.9,3.8,
Qatar,QAT,Prevalence of undernourishment (% of population),SN.ITK.DEFC.ZS,,,,,,,,,,,,,,,,,,,,,,,,,,,,,,,,,,,,,,,,,,,,,,,,,,,,,,,,,,,,,
Romania,ROU,Prevalence of undernourishment (% of population),SN.ITK.DEFC.ZS,,,,,,,,,,,,,,,,,,,,,,,,,,,,,,,,,,,,,,,,,,2.5,2.5,2.5,2.5,2.5,2.5,2.5,2.5,2.5,2.5,2.5,2.5,2.5,2.5,2.5,2.5,2.5,2.5,2.5,
Russian Federation,RUS,Prevalence of undernourishment (% of population),SN.ITK.DEFC.ZS,,,,,,,,,,,,,,,,,,,,,,,,,,,,,,,,,,,,,,,,,,4,3.3,2.8,2.5,2.5,2.5,2.5,2.5,2.5,2.5,2.5,2.5,2.5,2.5,2.5,2.5,2.5,2.5,2.5,
Rwanda,RWA,Prevalence of undernourishment (% of population),SN.ITK.DEFC.ZS,,,,,,,,,,,,,,,,,,,,,,,,,,,,,,,,,,,,,,,,,,38.5,35.2,34.6,35.9,35.3,33.7,32.3,29.5,29.8,31.3,34.1,34.3,34.7,35.1,35.3,34.8,34.5,34.3,35.2,
South Asia,SAS,Prevalence of undernourishment (% of population),SN.ITK.DEFC.ZS,,,,,,,,,,,,,,,,,,,,,,,,,,,,,,,,,,,,,,,,,,18.96497599,20.19383662,21.05000911,21.17040595,20.57454853,18.83192208,17.09963908,16.29471602,16.11502926,15.90531035,15.64520503,15.2217718,15.11287189,14.68968167,14.3145354,13.82846337,13.4306243,13.45130321,14.46777508,
Saudi Arabia,SAU,Prevalence of undernourishment (% of population),SN.ITK.DEFC.ZS,,,,,,,,,,,,,,,,,,,,,,,,,,,,,,,,,,,,,,,,,,4.9,5,5.1,5,4.8,4.5,4.8,5.5,5.7,5.9,5.4,5.4,4.6,4.3,3.7,3.7,3.7,3.8,3.9,
Sudan,SDN,Prevalence of undernourishment (% of population),SN.ITK.DEFC.ZS,,,,,,,,,,,,,,,,,,,,,,,,,,,,,,,,,,,,,,,,,,21.5,20.3,20,19.7,18.9,17.6,16.7,16.3,16.5,16.5,15.4,13.4,11.6,11,11.2,11.8,11.8,12,12.3,
Senegal,SEN,Prevalence of undernourishment (% of population),SN.ITK.DEFC.ZS,,,,,,,,,,,,,,,,,,,,,,,,,,,,,,,,,,,,,,,,,,24,22.7,21,19,17.2,15.5,12.7,10.9,10.3,11.1,11.4,12,11.5,11.2,9.8,8.9,7.9,7.4,7.5,
Singapore,SGP,Prevalence of undernourishment (% of population),SN.ITK.DEFC.ZS,,,,,,,,,,,,,,,,,,,,,,,,,,,,,,,,,,,,,,,,,,,,,,,,,,,,,,,,,,,,,
Solomon Islands,SLB,Prevalence of undernourishment (% of population),SN.ITK.DEFC.ZS,,,,,,,,,,,,,,,,,,,,,,,,,,,,,,,,,,,,,,,,,,13.3,13.1,12.6,12.7,12.5,12.8,12.6,13.2,13,13.5,14.9,17.1,18.8,19.1,18.4,18,17.6,17,16.5,
Sierra Leone,SLE,Prevalence of undernourishment (% of population),SN.ITK.DEFC.ZS,,,,,,,,,,,,,,,,,,,,,,,,,,,,,,,,,,,,,,,,,,50.7,49.8,49.4,48.8,46.7,43.7,41.7,40.3,34.5,28.8,24,24.3,25.3,25,25.8,25.4,26.2,25.7,26.2,
El Salvador,SLV,Prevalence of undernourishment (% of population),SN.ITK.DEFC.ZS,,,,,,,,,,,,,,,,,,,,,,,,,,,,,,,,,,,,,,,,,,7.2,7.1,7.9,8.7,9.1,9.4,9.7,9.9,10.5,10.9,11.1,10.5,10.5,10.6,10.6,9.9,9.1,8.6,8.5,
San Marino,SMR,Prevalence of undernourishment (% of population),SN.ITK.DEFC.ZS,,,,,,,,,,,,,,,,,,,,,,,,,,,,,,,,,,,,,,,,,,,,,,,,,,,,,,,,,,,,,
Somalia,SOM,Prevalence of undernourishment (% of population),SN.ITK.DEFC.ZS,,,,,,,,,,,,,,,,,,,,,,,,,,,,,,,,,,,,,,,,,,57.9,57.9,58,58.1,58.2,58.2,58.2,58.2,67.1,75.6,81.7,79.7,71.3,65.7,60.3,57.8,58.7,57.4,59.5,
Serbia,SRB,Prevalence of undernourishment (% of population),SN.ITK.DEFC.ZS,,,,,,,,,,,,,,,,,,,,,,,,,,,,,,,,,,,,,,,,,,3.1,3,2.7,2.5,2.5,2.5,2.5,2.5,2.5,2.5,2.6,2.7,3.2,3.7,4.1,4.2,4,3.8,3.9,
Sub-Saharan Africa (excluding high income),SSA,Prevalence of undernourishment (% of population),SN.ITK.DEFC.ZS,,,,,,,,,,,,,,,,,,,,,,,,,,,,,,,,,,,,,,,,,,26.26425485,25.70783443,25.25398497,24.29568488,23.2535646,22.39469426,21.96045484,21.5299555,20.58610996,20.01689533,19.48449767,19.62479124,18.90294637,18.43922555,18.11434821,18.21801279,18.52011769,18.760155,20.34107657,
South Sudan,SSD,Prevalence of undernourishment (% of population),SN.ITK.DEFC.ZS,,,,,,,,,,,,,,,,,,,,,,,,,,,,,,,,,,,,,,,,,,,,,,,,,,,,,,,,,,,,,
Sub-Saharan Africa,SSF,Prevalence of undernourishment (% of population),SN.ITK.DEFC.ZS,,,,,,,,,,,,,,,,,,,,,,,,,,,,,,,,,,,,,,,,,,26.26425485,25.70783443,25.25398497,24.29568488,23.2535646,22.39469426,21.96045484,21.5299555,20.58610996,20.01689533,19.48449767,19.62479124,18.90294637,18.43922555,18.11434821,18.21801279,18.52011769,18.760155,20.34107657,
Small states,SST,Prevalence of undernourishment (% of population),SN.ITK.DEFC.ZS,,,,,,,,,,,,,,,,,,,,,,,,,,,,,,,,,,,,,,,,,,13.03421544,12.90051371,12.74345142,12.58414572,12.63133503,12.70925358,13.07921927,13.43294739,13.97790474,14.13274251,13.98715897,13.74938635,13.22599202,12.99675429,13.23696723,13.22070912,13.14727101,12.66155147,12.86952864,
Sao Tome and Principe,STP,Prevalence of undernourishment (% of population),SN.ITK.DEFC.ZS,,,,,,,,,,,,,,,,,,,,,,,,,,,,,,,,,,,,,,,,,,14.7,12.8,11.2,9.8,9,9,9.8,11.1,12.6,14.1,14.9,13.9,13.1,12.7,12.8,12.6,11.8,11.8,11.9,
Suriname,SUR,Prevalence of undernourishment (% of population),SN.ITK.DEFC.ZS,,,,,,,,,,,,,,,,,,,,,,,,,,,,,,,,,,,,,,,,,,11.8,11.5,10.9,10.3,9.7,8.8,8.8,8.3,7.6,7.3,7.6,8.2,7.7,7.6,7.7,8.2,8.4,8.5,8.7,
Slovak Republic,SVK,Prevalence of undernourishment (% of population),SN.ITK.DEFC.ZS,,,,,,,,,,,,,,,,,,,,,,,,,,,,,,,,,,,,,,,,,,6.1,6.2,6,5.8,5.5,5.6,5.4,4.9,4,3.5,3.4,3.4,4,5.3,5.9,5.6,4.5,4.1,4,
Slovenia,SVN,Prevalence of undernourishment (% of population),SN.ITK.DEFC.ZS,,,,,,,,,,,,,,,,,,,,,,,,,,,,,,,,,,,,,,,,,,2.5,2.5,2.5,2.5,2.5,2.5,2.5,2.5,2.5,2.5,2.5,2.5,2.5,2.5,2.5,2.5,2.5,2.5,2.5,
Sweden,SWE,Prevalence of undernourishment (% of population),SN.ITK.DEFC.ZS,,,,,,,,,,,,,,,,,,,,,,,,,,,,,,,,,,,,,,,,,,2.5,2.5,2.5,2.5,2.5,2.5,2.5,2.5,2.5,2.5,2.5,2.5,2.5,2.5,2.5,2.5,2.5,2.5,2.5,
Eswatini,SWZ,Prevalence of undernourishment (% of population),SN.ITK.DEFC.ZS,,,,,,,,,,,,,,,,,,,,,,,,,,,,,,,,,,,,,,,,,,10.5,9.7,8.3,8.4,9.2,10.2,10.7,10.9,15.2,18.5,20.7,18,14.9,13.4,12.8,13,12.4,11.9,11.6,
Sint Maarten (Dutch part),SXM,Prevalence of undernourishment (% of population),SN.ITK.DEFC.ZS,,,,,,,,,,,,,,,,,,,,,,,,,,,,,,,,,,,,,,,,,,,,,,,,,,,,,,,,,,,,,
Seychelles,SYC,Prevalence of undernourishment (% of population),SN.ITK.DEFC.ZS,,,,,,,,,,,,,,,,,,,,,,,,,,,,,,,,,,,,,,,,,,,,,,,,,,,,,,,,,,,,,
Syrian Arab Republic,SYR,Prevalence of undernourishment (% of population),SN.ITK.DEFC.ZS,,,,,,,,,,,,,,,,,,,,,,,,,,,,,,,,,,,,,,,,,,,,,,,,,,,,,,,,,,,,,
Turks and Caicos Islands,TCA,Prevalence of undernourishment (% of population),SN.ITK.DEFC.ZS,,,,,,,,,,,,,,,,,,,,,,,,,,,,,,,,,,,,,,,,,,,,,,,,,,,,,,,,,,,,,
Chad,TCD,Prevalence of undernourishment (% of population),SN.ITK.DEFC.ZS,,,,,,,,,,,,,,,,,,,,,,,,,,,,,,,,,,,,,,,,,,38.8,37.6,38,37.1,37.8,38.4,39.2,40.1,38.4,36.3,33.6,33.6,31.3,29.9,28,28.5,29.1,30.4,31.7,
East Asia & Pacific (IDA & IBRD countries),TEA,Prevalence of undernourishment (% of population),SN.ITK.DEFC.ZS,,,,,,,,,,,,,,,,,,,,,,,,,,,,,,,,,,,,,,,,,,13.10521597,12.47187042,11.70599072,11.00341792,10.18626889,9.289318427,8.265461919,7.306986193,6.107879896,5.510821637,5.120128495,4.904121614,4.70571188,4.574745704,4.409612072,4.300480722,4.155107852,4.06758562,4.064287302,
Europe & Central Asia (IDA & IBRD countries),TEC,Prevalence of undernourishment (% of population),SN.ITK.DEFC.ZS,,,,,,,,,,,,,,,,,,,,,,,,,,,,,,,,,,,,,,,,,,4.956890052,4.616448234,4.317265111,3.994187904,3.75982935,3.543488771,3.406988769,3.336177943,3.129247424,2.907941749,2.703212317,2.6787192,2.670960814,2.674984535,2.694262276,2.695901734,2.689669839,2.671393481,2.686126013,
Togo,TGO,Prevalence of undernourishment (% of population),SN.ITK.DEFC.ZS,,,,,,,,,,,,,,,,,,,,,,,,,,,,,,,,,,,,,,,,,,31.3,31.1,29.8,28.7,27.7,27.2,26.2,25.6,23.3,21.2,19.7,19.5,19.6,20.4,20.9,21.6,21.2,20.9,20.4,
Thailand,THA,Prevalence of undernourishment (% of population),SN.ITK.DEFC.ZS,,,,,,,,,,,,,,,,,,,,,,,,,,,,,,,,,,,,,,,,,,17.3,16.4,15,13.7,11.9,10.6,10.2,10.6,10.4,10,9.2,8.8,8.2,7.7,7.3,7.5,7.7,7.9,8.2,
Tajikistan,TJK,Prevalence of undernourishment (% of population),SN.ITK.DEFC.ZS,,,,,,,,,,,,,,,,,,,,,,,,,,,,,,,,,,,,,,,,,,,,,,,,,,,,,,,,,,,,,
Turkmenistan,TKM,Prevalence of undernourishment (% of population),SN.ITK.DEFC.ZS,,,,,,,,,,,,,,,,,,,,,,,,,,,,,,,,,,,,,,,,,,6.8,6.2,5.2,4.5,4.2,4,3.9,4,4.3,4.5,4.8,5,4.5,3.9,3.4,3.4,3.7,3.9,4.1,
Latin America & the Caribbean (IDA & IBRD countries),TLA,Prevalence of undernourishment (% of population),SN.ITK.DEFC.ZS,,,,,,,,,,,,,,,,,,,,,,,,,,,,,,,,,,,,,,,,,,11.00795441,10.74398179,10.50968226,9.944553528,9.503469258,8.963885997,8.434221122,8.121994033,7.638966495,7.252070648,6.660271923,6.341985856,5.913115648,5.820383951,6.154052138,6.593588217,7.018848594,7.194731862,7.818051664,
Timor-Leste,TLS,Prevalence of undernourishment (% of population),SN.ITK.DEFC.ZS,,,,,,,,,,,,,,,,,,,,,,,,,,,,,,,,,,,,,,,,,,41.5,36.5,33.1,32.5,32.2,31.9,31.7,32.4,32.5,32.5,31.1,31,28.7,26.8,24.5,24.1,24,23.3,22.6,
Middle East & North Africa (IDA & IBRD countries),TMN,Prevalence of undernourishment (% of population),SN.ITK.DEFC.ZS,,,,,,,,,,,,,,,,,,,,,,,,,,,,,,,,,,,,,,,,,,8.860201114,8.933341099,9.115348779,9.305484772,9.327777447,9.320185041,9.241335136,9.037506879,9.131498569,9.758383148,10.36523547,10.83390515,10.50526919,10.60408404,10.89841775,11.3544923,11.53924825,11.52651938,11.82404674,
Tonga,TON,Prevalence of undernourishment (% of population),SN.ITK.DEFC.ZS,,,,,,,,,,,,,,,,,,,,,,,,,,,,,,,,,,,,,,,,,,,,,,,,,,,,,,,,,,,,,
South Asia (IDA & IBRD),TSA,Prevalence of undernourishment (% of population),SN.ITK.DEFC.ZS,,,,,,,,,,,,,,,,,,,,,,,,,,,,,,,,,,,,,,,,,,18.96497599,20.19383662,21.05000911,21.17040595,20.57454853,18.83192208,17.09963908,16.29471602,16.11502926,15.90531035,15.64520503,15.2217718,15.11287189,14.68968167,14.3145354,13.82846337,13.4306243,13.45130321,14.46777508,
Sub-Saharan Africa (IDA & IBRD countries),TSS,Prevalence of undernourishment (% of population),SN.ITK.DEFC.ZS,,,,,,,,,,,,,,,,,,,,,,,,,,,,,,,,,,,,,,,,,,26.26425485,25.70783443,25.25398497,24.29568488,23.2535646,22.39469426,21.96045484,21.5299555,20.58610996,20.01689533,19.48449767,19.62479124,18.90294637,18.43922555,18.11434821,18.21801279,18.52011769,18.760155,20.34107657,
Trinidad and Tobago,TTO,Prevalence of undernourishment (% of population),SN.ITK.DEFC.ZS,,,,,,,,,,,,,,,,,,,,,,,,,,,,,,,,,,,,,,,,,,10,10.5,11.1,11.5,11.1,10.5,9.9,9.6,9.6,9.2,8.3,7.2,6.6,6.5,6.8,6.8,6.8,6.7,6.7,
Tunisia,TUN,Prevalence of undernourishment (% of population),SN.ITK.DEFC.ZS,,,,,,,,,,,,,,,,,,,,,,,,,,,,,,,,,,,,,,,,,,4.4,4.4,4.5,4.4,4.3,4.3,4,3.8,3.6,3.4,3.3,3.1,2.9,2.7,2.5,2.5,2.5,2.5,3,
Turkey,TUR,Prevalence of undernourishment (% of population),SN.ITK.DEFC.ZS,,,,,,,,,,,,,,,,,,,,,,,,,,,,,,,,,,,,,,,,,,2.5,2.5,2.5,2.5,2.5,2.5,2.5,2.5,2.5,2.5,2.5,2.5,2.5,2.5,2.5,2.5,2.5,2.5,2.5,
Tuvalu,TUV,Prevalence of undernourishment (% of population),SN.ITK.DEFC.ZS,,,,,,,,,,,,,,,,,,,,,,,,,,,,,,,,,,,,,,,,,,,,,,,,,,,,,,,,,,,,,
Tanzania,TZA,Prevalence of undernourishment (% of population),SN.ITK.DEFC.ZS,,,,,,,,,,,,,,,,,,,,,,,,,,,,,,,,,,,,,,,,,,33,34.1,33.6,33.7,31.6,30.2,30.5,30.7,30.9,29.5,28,27.2,26.2,25.3,24.4,24.1,24.1,24.2,25.1,
Uganda,UGA,Prevalence of undernourishment (% of population),SN.ITK.DEFC.ZS,,,,,,,,,,,,,,,,,,,,,,,,,,,,,,,,,,,,,,,,,,,,,,,,,,,,,,,,,,,,,
Ukraine,UKR,Prevalence of undernourishment (% of population),SN.ITK.DEFC.ZS,,,,,,,,,,,,,,,,,,,,,,,,,,,,,,,,,,,,,,,,,,3,2.5,2.5,2.5,2.5,2.5,2.5,2.5,2.5,2.5,2.5,2.5,2.5,2.5,2.5,2.5,2.5,2.5,2.5,
Upper middle income,UMC,Prevalence of undernourishment (% of population),SN.ITK.DEFC.ZS,,,,,,,,,,,,,,,,,,,,,,,,,,,,,,,,,,,,,,,,,,9.309542279,8.822124865,8.279836882,7.670822235,7.007031275,6.304153344,5.576275888,4.95282968,4.211161162,4.012524107,3.953577858,3.890012959,3.77578174,3.738898743,3.768540491,3.86050639,3.919758171,3.964083955,4.136490029,
Uruguay,URY,Prevalence of undernourishment (% of population),SN.ITK.DEFC.ZS,,,,,,,,,,,,,,,,,,,,,,,,,,,,,,,,,,,,,,,,,,3.6,3.5,3.7,3.8,3.9,3.7,3.1,2.5,2.5,2.5,2.5,2.5,2.5,2.5,2.5,2.5,2.5,2.5,2.5,
United States,USA,Prevalence of undernourishment (% of population),SN.ITK.DEFC.ZS,,,,,,,,,,,,,,,,,,,,,,,,,,,,,,,,,,,,,,,,,,2.5,2.5,2.5,2.5,2.5,2.5,2.5,2.5,2.5,2.5,2.5,2.5,2.5,2.5,2.5,2.5,2.5,2.5,2.5,
Uzbekistan,UZB,Prevalence of undernourishment (% of population),SN.ITK.DEFC.ZS,,,,,,,,,,,,,,,,,,,,,,,,,,,,,,,,,,,,,,,,,,17.9,19.2,18.7,16.8,14.7,12.6,11.5,11.2,8.5,5.4,2.5,2.5,2.5,2.5,2.5,2.5,2.5,2.5,2.5,
St. Vincent and the Grenadines,VCT,Prevalence of undernourishment (% of population),SN.ITK.DEFC.ZS,,,,,,,,,,,,,,,,,,,,,,,,,,,,,,,,,,,,,,,,,,13.4,11.9,9.5,8.7,7.9,7.2,6.8,6.4,6,5.7,5.5,5.2,5.4,5.5,5.7,5.6,5.5,5.5,5.6,
"Venezuela, RB",VEN,Prevalence of undernourishment (% of population),SN.ITK.DEFC.ZS,,,,,,,,,,,,,,,,,,,,,,,,,,,,,,,,,,,,,,,,,,14.9,15.1,14.6,10,8.4,7,4.8,2.8,2.5,2.5,2.5,3.2,3.3,5,11.3,16.4,22.2,23.4,27.4,
British Virgin Islands,VGB,Prevalence of undernourishment (% of population),SN.ITK.DEFC.ZS,,,,,,,,,,,,,,,,,,,,,,,,,,,,,,,,,,,,,,,,,,,,,,,,,,,,,,,,,,,,,
Virgin Islands (U.S.),VIR,Prevalence of undernourishment (% of population),SN.ITK.DEFC.ZS,,,,,,,,,,,,,,,,,,,,,,,,,,,,,,,,,,,,,,,,,,,,,,,,,,,,,,,,,,,,,
Vietnam,VNM,Prevalence of undernourishment (% of population),SN.ITK.DEFC.ZS,,,,,,,,,,,,,,,,,,,,,,,,,,,,,,,,,,,,,,,,,,19.7,18,16.3,15.7,15.5,15.3,14.1,12.9,11.8,11,10,9.3,8.7,8.5,8.1,7.8,7.2,6.8,6.7,
Vanuatu,VUT,Prevalence of undernourishment (% of population),SN.ITK.DEFC.ZS,,,,,,,,,,,,,,,,,,,,,,,,,,,,,,,,,,,,,,,,,,7.4,7.1,6.8,6.5,6.3,5.7,5.3,5,5.1,5.2,5.6,5.9,6.4,6.9,8.1,8.9,9.6,9.5,9.3,
World,WLD,Prevalence of undernourishment (% of population),SN.ITK.DEFC.ZS,,,,,,,,,,,,,,,,,,,,,,,,,,,,,,,,,,,,,,,,,,13.2,13.2,13.1,12.8,12.3,11.5,10.7,10.2,9.7,9.4,9,8.9,8.7,8.5,8.3,8.3,8.2,8.3,8.9,
Samoa,WSM,Prevalence of undernourishment (% of population),SN.ITK.DEFC.ZS,,,,,,,,,,,,,,,,,,,,,,,,,,,,,,,,,,,,,,,,,,3.5,3.5,3.4,3.3,3.4,3.8,3.9,4,3.9,4.2,4.1,4,3.8,4.2,4.5,4.7,4.7,4.6,4.6,
Kosovo,XKX,Prevalence of undernourishment (% of population),SN.ITK.DEFC.ZS,,,,,,,,,,,,,,,,,,,,,,,,,,,,,,,,,,,,,,,,,,,,,,,,,,,,,,,,,,,,,
"Yemen, Rep.",YEM,Prevalence of undernourishment (% of population),SN.ITK.DEFC.ZS,,,,,,,,,,,,,,,,,,,,,,,,,,,,,,,,,,,,,,,,,,26.7,27.6,28,28.3,27.8,26.6,26.1,26,23.5,26.4,27.9,33.3,34.3,38.6,43.4,46.1,46.6,45.4,45.4,
South Africa,ZAF,Prevalence of undernourishment (% of population),SN.ITK.DEFC.ZS,,,,,,,,,,,,,,,,,,,,,,,,,,,,,,,,,,,,,,,,,,3.9,3.7,3.6,3.4,3.4,3.5,3.6,3.6,3.6,3.6,3.7,4,4.3,4.8,5.2,5.4,5.5,5.5,6.5,
Zambia,ZMB,Prevalence of undernourishment (% of population),SN.ITK.DEFC.ZS,,,,,,,,,,,,,,,,,,,,,,,,,,,,,,,,,,,,,,,,,,,,,,,,,,,,,,,,,,,,,
Zimbabwe,ZWE,Prevalence of undernourishment (% of population),SN.ITK.DEFC.ZS,,,,,,,,,,,,,,,,,,,,,,,,,,,,,,,,,,,,,,,,,,,,,,,,,,,,,,,,,,,,,
