"Data Source","World Development Indicators",

"Last Updated Date","2021-12-16",

"Country Name","Country Code","Indicator Name","Indicator Code","1960","1961","1962","1963","1964","1965","1966","1967","1968","1969","1970","1971","1972","1973","1974","1975","1976","1977","1978","1979","1980","1981","1982","1983","1984","1985","1986","1987","1988","1989","1990","1991","1992","1993","1994","1995","1996","1997","1998","1999","2000","2001","2002","2003","2004","2005","2006","2007","2008","2009","2010","2011","2012","2013","2014","2015","2016","2017","2018","2019","2020",
"Aruba","ABW","Poverty gap at $5.50 a day (2011 PPP) (%)","SI.POV.UMIC.GP","","","","","","","","","","","","","","","","","","","","","","","","","","","","","","","","","","","","","","","","","","","","","","","","","","","","","","","","","","","","","",
"Africa Eastern and Southern","AFE","Poverty gap at $5.50 a day (2011 PPP) (%)","SI.POV.UMIC.GP","","","","","","","","","","","","","","","","","","","","","","","","","","","","","","","","","","","","","","","","","","","","","","","","","","","","","","","","","","","","","",
"Afghanistan","AFG","Poverty gap at $5.50 a day (2011 PPP) (%)","SI.POV.UMIC.GP","","","","","","","","","","","","","","","","","","","","","","","","","","","","","","","","","","","","","","","","","","","","","","","","","","","","","","","","","","","","","",
"Africa Western and Central","AFW","Poverty gap at $5.50 a day (2011 PPP) (%)","SI.POV.UMIC.GP","","","","","","","","","","","","","","","","","","","","","","","","","","","","","","","","","","","","","","","","","","","","","","","","","","","","","","","","","","","","","",
"Angola","AGO","Poverty gap at $5.50 a day (2011 PPP) (%)","SI.POV.UMIC.GP","","","","","","","","","","","","","","","","","","","","","","","","","","","","","","","","","","","","","","","","","47.3","","","","","","","","46.2","","","","","","","","","","56.6","","",
"Albania","ALB","Poverty gap at $5.50 a day (2011 PPP) (%)","SI.POV.UMIC.GP","","","","","","","","","","","","","","","","","","","","","","","","","","","","","","","","","","","","","12.8","","","","","","15.1","","","10.6","","","7.4","","","","8.6","","11.7","9.7","10","9.8","","","",
"Andorra","AND","Poverty gap at $5.50 a day (2011 PPP) (%)","SI.POV.UMIC.GP","","","","","","","","","","","","","","","","","","","","","","","","","","","","","","","","","","","","","","","","","","","","","","","","","","","","","","","","","","","","","",
"Arab World","ARB","Poverty gap at $5.50 a day (2011 PPP) (%)","SI.POV.UMIC.GP","","","","","","","","","","","","","","","","","","","","","","","","","","","","","","","","","","","","","","","","","","","","","","","","","","","","","","","","","","","","","",
"United Arab Emirates","ARE","Poverty gap at $5.50 a day (2011 PPP) (%)","SI.POV.UMIC.GP","","","","","","","","","","","","","","","","","","","","","","","","","","","","","","","","","","","","","","","","","","","","","","","","","","","","","","0","","","","","0","","",
"Argentina","ARG","Poverty gap at $5.50 a day (2011 PPP) (%)","SI.POV.UMIC.GP","","","","","","","","","","","","","","","","","","","","","2.1","","","","","","2.5","3.6","","","","6","6.4","6.9","7.2","9.8","11","10.3","11.3","11.7","13.4","17.2","24.9","14.8","12","9.8","7.8","6.9","6.4","5.7","4.8","3.7","3.6","3.4","3.7","","3.7","3.2","4.1","4.8","",
"Armenia","ARM","Poverty gap at $5.50 a day (2011 PPP) (%)","SI.POV.UMIC.GP","","","","","","","","","","","","","","","","","","","","","","","","","","","","","","","","","","","","","","","","34.7","","36.7","34.3","31.9","25.4","20.1","17.3","14.5","12.5","15.8","16.1","15","13.8","13.5","13.2","11.6","11.3","11","11.5","12.3","",
"American Samoa","ASM","Poverty gap at $5.50 a day (2011 PPP) (%)","SI.POV.UMIC.GP","","","","","","","","","","","","","","","","","","","","","","","","","","","","","","","","","","","","","","","","","","","","","","","","","","","","","","","","","","","","","",
"Antigua and Barbuda","ATG","Poverty gap at $5.50 a day (2011 PPP) (%)","SI.POV.UMIC.GP","","","","","","","","","","","","","","","","","","","","","","","","","","","","","","","","","","","","","","","","","","","","","","","","","","","","","","","","","","","","","",
"Australia","AUS","Poverty gap at $5.50 a day (2011 PPP) (%)","SI.POV.UMIC.GP","","","","","","","","","","","","","","","","","","","","","","1","","","","1.1","","","","0.9","","","","","","1","","","","","","0.9","","1.1","0.7","","","","0.5","","0.5","","","","0.6","","","","","","",
"Austria","AUT","Poverty gap at $5.50 a day (2011 PPP) (%)","SI.POV.UMIC.GP","","","","","","","","","","","","","","","","","","","","","","","","","","","","0","","","","","","","0.5","1.3","","0.4","","","0.2","","","0.4","0.1","0.2","0.2","0.5","0.5","0.7","0.5","0.6","0.7","0.4","0.3","0.7","0.8","0.4","0.6","","",
"Azerbaijan","AZE","Poverty gap at $5.50 a day (2011 PPP) (%)","SI.POV.UMIC.GP","","","","","","","","","","","","","","","","","","","","","","","","","","","","","","","","","","","","22.9","","","","","","16.8","2.5","2.9","1.8","0.8","","","","","","","","","","","","","","","",
"Burundi","BDI","Poverty gap at $5.50 a day (2011 PPP) (%)","SI.POV.UMIC.GP","","","","","","","","","","","","","","","","","","","","","","","","","","","","","","","","","75.1","","","","","","78.1","","","","","","","","72.7","","","","","","","69.8","","","","","","","",
"Belgium","BEL","Poverty gap at $5.50 a day (2011 PPP) (%)","SI.POV.UMIC.GP","","","","","","","","","","","","","","","","","","","","","","","","","","0.4","","","0.6","","","","0.9","","","0.6","","0.5","","","0.5","","","0.4","0.1","0.3","0.2","0.2","0.1","0.1","0.2","0.2","0.2","0.2","0.1","0.1","0.1","0.2","0.1","","",
"Benin","BEN","Poverty gap at $5.50 a day (2011 PPP) (%)","SI.POV.UMIC.GP","","","","","","","","","","","","","","","","","","","","","","","","","","","","","","","","","","","","","","","","","","","","59.2","","","","","","","","57.8","","","","59.3","","","","","",
"Burkina Faso","BFA","Poverty gap at $5.50 a day (2011 PPP) (%)","SI.POV.UMIC.GP","","","","","","","","","","","","","","","","","","","","","","","","","","","","","","","","","","","77.8","","","","75.1","","","","","62","","","","","","61.2","","","","","55","","","","","","",
"Bangladesh","BGD","Poverty gap at $5.50 a day (2011 PPP) (%)","SI.POV.UMIC.GP","","","","","","","","","","","","","","","","","","","","","","","","57.5","","54.1","","","57.9","","","58.3","","","","52.6","","","","","51.1","","","","","46.6","","","","","43","","","","","","38.8","","","","",
"Bulgaria","BGR","Poverty gap at $5.50 a day (2011 PPP) (%)","SI.POV.UMIC.GP","","","","","","","","","","","","","","","","","","","","","","","","","","","","","","","","","","","","","","","","","","","","","","","9.9","4.4","3.2","3","4.1","4.7","4.6","4.6","3.6","5.3","3.9","3","2.3","","",
"Bahrain","BHR","Poverty gap at $5.50 a day (2011 PPP) (%)","SI.POV.UMIC.GP","","","","","","","","","","","","","","","","","","","","","","","","","","","","","","","","","","","","","","","","","","","","","","","","","","","","","","","","","","","","","",
"Bahamas, The","BHS","Poverty gap at $5.50 a day (2011 PPP) (%)","SI.POV.UMIC.GP","","","","","","","","","","","","","","","","","","","","","","","","","","","","","","","","","","","","","","","","","","","","","","","","","","","","","","","","","","","","","",
"Bosnia and Herzegovina","BIH","Poverty gap at $5.50 a day (2011 PPP) (%)","SI.POV.UMIC.GP","","","","","","","","","","","","","","","","","","","","","","","","","","","","","","","","","","","","","","","","","","1.9","","","0.9","","","0.6","","","","0.9","","","","","","","","","",
"Belarus","BLR","Poverty gap at $5.50 a day (2011 PPP) (%)","SI.POV.UMIC.GP","","","","","","","","","","","","","","","","","","","","","","","","","","","","","","","","","","","","","","","32.3","29.4","24.7","15.9","12.7","10.9","6.5","3.9","2.4","1.6","1.1","1.1","0.6","0.4","0.2","0.1","0.1","0.1","0.1","0.1","0.1","0","",
"Belize","BLZ","Poverty gap at $5.50 a day (2011 PPP) (%)","SI.POV.UMIC.GP","","","","","","","","","","","","","","","","","","","","","","","","","","","","","","","","","","21.2","22","","26.3","28.3","26.7","23.8","","","","","","","","","","","","","","","","","","","","","",
"Bermuda","BMU","Poverty gap at $5.50 a day (2011 PPP) (%)","SI.POV.UMIC.GP","","","","","","","","","","","","","","","","","","","","","","","","","","","","","","","","","","","","","","","","","","","","","","","","","","","","","","","","","","","","","",
"Bolivia","BOL","Poverty gap at $5.50 a day (2011 PPP) (%)","SI.POV.UMIC.GP","","","","","","","","","","","","","","","","","","","","","","","","","","","","","","","","","29.9","","","","","27.3","","32.4","36.2","31.1","32.7","","24.4","27.4","24.2","22.1","17.9","15.9","","12.3","12.9","11.3","10.5","10.7","11.7","11","9.6","7.3","",
"Brazil","BRA","Poverty gap at $5.50 a day (2011 PPP) (%)","SI.POV.UMIC.GP","","","","","","","","","","","","","","","","","","","","","","31.4","31.4","37","36.5","32.8","19.2","26.7","28.9","26.9","30.6","","30.3","29.4","","21.7","22.3","22.4","21.2","22.1","","19.4","18.5","19.2","17.9","16.6","14.4","13.6","11.8","11.1","","9.5","8.1","7.2","6.4","6.9","7.9","8.2","8.1","8.1","",
"Barbados","BRB","Poverty gap at $5.50 a day (2011 PPP) (%)","SI.POV.UMIC.GP","","","","","","","","","","","","","","","","","","","","","","","","","","","","","","","","","","","","","","","","","","","","","","","","","","","","","","","","","","","","","",
"Brunei Darussalam","BRN","Poverty gap at $5.50 a day (2011 PPP) (%)","SI.POV.UMIC.GP","","","","","","","","","","","","","","","","","","","","","","","","","","","","","","","","","","","","","","","","","","","","","","","","","","","","","","","","","","","","","",
"Bhutan","BTN","Poverty gap at $5.50 a day (2011 PPP) (%)","SI.POV.UMIC.GP","","","","","","","","","","","","","","","","","","","","","","","","","","","","","","","","","","","","","","","","","","","","34.6","","","","25","","","","","14.5","","","","","12.3","","","",
"Botswana","BWA","Poverty gap at $5.50 a day (2011 PPP) (%)","SI.POV.UMIC.GP","","","","","","","","","","","","","","","","","","","","","","","","","","48.7","","","","","","","","42.4","","","","","","","","","37.5","","","","","","","27.6","","","","","","28.1","","","","","",
"Central African Republic","CAF","Poverty gap at $5.50 a day (2011 PPP) (%)","SI.POV.UMIC.GP","","","","","","","","","","","","","","","","","","","","","","","","","","","","","","","","","81","","","","","","","","","","","","","","","","66.3","","","","","","","","","","","","",
"Canada","CAN","Poverty gap at $5.50 a day (2011 PPP) (%)","SI.POV.UMIC.GP","","","","","","","","","","","","2.7","","","","1.2","","","","","","0.6","","","","","","0.3","","","","0.3","","","0.3","","","0.5","0.5","","0.4","","","","0.3","","","0.2","","","0.3","","0.3","0.4","0.4","0.4","0.4","0.4","","","",
"Central Europe and the Baltics","CEB","Poverty gap at $5.50 a day (2011 PPP) (%)","SI.POV.UMIC.GP","","","","","","","","","","","","","","","","","","","","","","","","","","","","","","","","","","","","","","","","","","","","","","","","","","","","","","","","","","","","","",
"Switzerland","CHE","Poverty gap at $5.50 a day (2011 PPP) (%)","SI.POV.UMIC.GP","","","","","","","","","","","","","","","","","","","","","","","0.6","","","","","","","","","","0.7","","","","","","","","0.1","","0","","","","0.1","0.1","0.1","0.1","0.1","0","0","0","0.1","0","0","0","0","","",
"Channel Islands","CHI","Poverty gap at $5.50 a day (2011 PPP) (%)","SI.POV.UMIC.GP","","","","","","","","","","","","","","","","","","","","","","","","","","","","","","","","","","","","","","","","","","","","","","","","","","","","","","","","","","","","","",
"Chile","CHL","Poverty gap at $5.50 a day (2011 PPP) (%)","SI.POV.UMIC.GP","","","","","","","","","","","","","","","","","","","","","","","","","","","","23.3","","","18.9","","14.6","","13.8","","11.1","","10.3","","11.3","","","10.9","","","5.8","","","4.5","","3.3","","1.7","","1.3","","0.9","","","",
"China","CHN","Poverty gap at $5.50 a day (2011 PPP) (%)","SI.POV.UMIC.GP","","","","","","","","","","","","","","","","","","","","","","","","","","","","","","","67.3","","","62.5","","","54","","","51.4","","","43.9","","","33.5","","","27.6","","23.1","19.8","17.3","11.7","9.7","7.8","6.5","","","","",
"Cote d'Ivoire","CIV","Poverty gap at $5.50 a day (2011 PPP) (%)","SI.POV.UMIC.GP","","","","","","","","","","","","","","","","","","","","","","","","","","18.4","18.4","23.2","29.6","","","","39.6","","","39.3","","","43.9","","","","43.2","","","","","","45","","","","","","","44.8","","","","","",
"Cameroon","CMR","Poverty gap at $5.50 a day (2011 PPP) (%)","SI.POV.UMIC.GP","","","","","","","","","","","","","","","","","","","","","","","","","","","","","","","","","","","","","56.4","","","","","42","","","","","","44.2","","","","","","","36.8","","","","","","",
"Congo, Dem. Rep.","COD","Poverty gap at $5.50 a day (2011 PPP) (%)","SI.POV.UMIC.GP","","","","","","","","","","","","","","","","","","","","","","","","","","","","","","","","","","","","","","","","","","","","","86.6","","","","","","","","73.8","","","","","","","","",
"Congo, Rep.","COG","Poverty gap at $5.50 a day (2011 PPP) (%)","SI.POV.UMIC.GP","","","","","","","","","","","","","","","","","","","","","","","","","","","","","","","","","","","","","","","","","","","","","","59.1","","","","","","49.6","","","","","","","","","",
"Colombia","COL","Poverty gap at $5.50 a day (2011 PPP) (%)","SI.POV.UMIC.GP","","","","","","","","","","","","","","","","","","","","","","","","","","","","","","","","","20.4","","","","27.7","","","30.8","27.6","31.7","23.9","23.1","22.5","20.2","","","19.2","17.9","16.1","14.4","13.8","12.8","11.8","11.1","10.9","10.4","10.5","11.4","",
"Comoros","COM","Poverty gap at $5.50 a day (2011 PPP) (%)","SI.POV.UMIC.GP","","","","","","","","","","","","","","","","","","","","","","","","","","","","","","","","","","","","","","","","","","","","","29.8","","","","","","","","","","32.2","","","","","","",
"Cabo Verde","CPV","Poverty gap at $5.50 a day (2011 PPP) (%)","SI.POV.UMIC.GP","","","","","","","","","","","","","","","","","","","","","","","","","","","","","","","","","","","","","","","","","","29.9","","","","","","21.9","","","","","","","","14.5","","","","","",
"Costa Rica","CRI","Poverty gap at $5.50 a day (2011 PPP) (%)","SI.POV.UMIC.GP","","","","","","","","","","","","","","","","","","","","","","35.2","","","","","24.2","","","20.5","17.7","20.8","18.2","15.4","12.8","13.5","15.2","13.1","10.8","12.5","12.8","9.7","9.2","9","8.9","7.6","7.5","5.5","5.4","5.5","4.4","4.6","4.3","4.3","4","4","3.7","3.1","3.8","3.3","",
"Caribbean small states","CSS","Poverty gap at $5.50 a day (2011 PPP) (%)","SI.POV.UMIC.GP","","","","","","","","","","","","","","","","","","","","","","","","","","","","","","","","","","","","","","","","","","","","","","","","","","","","","","","","","","","","","",
"Cuba","CUB","Poverty gap at $5.50 a day (2011 PPP) (%)","SI.POV.UMIC.GP","","","","","","","","","","","","","","","","","","","","","","","","","","","","","","","","","","","","","","","","","","","","","","","","","","","","","","","","","","","","","",
"Curacao","CUW","Poverty gap at $5.50 a day (2011 PPP) (%)","SI.POV.UMIC.GP","","","","","","","","","","","","","","","","","","","","","","","","","","","","","","","","","","","","","","","","","","","","","","","","","","","","","","","","","","","","","",
"Cayman Islands","CYM","Poverty gap at $5.50 a day (2011 PPP) (%)","SI.POV.UMIC.GP","","","","","","","","","","","","","","","","","","","","","","","","","","","","","","","","","","","","","","","","","","","","","","","","","","","","","","","","","","","","","",
"Cyprus","CYP","Poverty gap at $5.50 a day (2011 PPP) (%)","SI.POV.UMIC.GP","","","","","","","","","","","","","","","","","","","","","","","","","","","","","","","","","","","","","","","","","","","","","0.1","0","0","0","0","0.1","0.1","0","0","0.1","0.1","0.1","0.1","0","0.1","","",
"Czech Republic","CZE","Poverty gap at $5.50 a day (2011 PPP) (%)","SI.POV.UMIC.GP","","","","","","","","","","","","","","","","","","","","","","","","","","","","","","","","","0.1","0.1","","","0.3","","","","","","0.1","","0.2","0.1","0.1","0.2","0.1","0.1","0.2","0.1","0.2","0.1","0.1","0","0.1","0.1","0.1","","",
"Germany","DEU","Poverty gap at $5.50 a day (2011 PPP) (%)","SI.POV.UMIC.GP","","","","","","","","","","","","","","","","","","","","","","","","","","","","","","","","0.1","","","0.3","0.3","","","0.1","","0.1","0.1","0.1","0.2","0.1","0.1","0","0","0.2","0.1","0.1","0","0.1","0","0.1","0.1","0.2","","","","",
"Djibouti","DJI","Poverty gap at $5.50 a day (2011 PPP) (%)","SI.POV.UMIC.GP","","","","","","","","","","","","","","","","","","","","","","","","","","","","","","","","","","","","","","","","","","","36.9","","","","","","","","","","32.3","36","","","","32.2","","","",
"Dominica","DMA","Poverty gap at $5.50 a day (2011 PPP) (%)","SI.POV.UMIC.GP","","","","","","","","","","","","","","","","","","","","","","","","","","","","","","","","","","","","","","","","","","","","","","","","","","","","","","","","","","","","","",
"Denmark","DNK","Poverty gap at $5.50 a day (2011 PPP) (%)","SI.POV.UMIC.GP","","","","","","","","","","","","","","","","","","","","","","","","","","","","0.7","","","","","0.7","","","0.1","","","","","0.1","","","0.3","0.3","0.3","0.2","0.2","0.3","0.5","0.1","0.1","0","0.3","0.2","0.2","0.3","0.2","0.2","","",
"Dominican Republic","DOM","Poverty gap at $5.50 a day (2011 PPP) (%)","SI.POV.UMIC.GP","","","","","","","","","","","","","","","","","","","","","","","","","","","11.4","","","24.6","","","15.5","","","","12.2","11.6","","","11.7","11.1","12.3","15.3","19.1","14.3","12.6","12.3","12.5","11.3","11","10.4","10.5","9.9","8.2","6.9","6.3","4.4","3.6","3.2","",
"Algeria","DZA","Poverty gap at $5.50 a day (2011 PPP) (%)","SI.POV.UMIC.GP","","","","","","","","","","","","","","","","","","","","","","","","","","","","","21.2","","","","","","","20.2","","","","","","","","","","","","","","","","6.5","","","","","","","","","",
"East Asia & Pacific (excluding high income)","EAP","Poverty gap at $5.50 a day (2011 PPP) (%)","SI.POV.UMIC.GP","","","","","","","","","","","","","","","","","","","","","","","","","","","","","","","","","","","","","","","","","","","","","","","","","","","","","","","","","","","","","",
"Early-demographic dividend","EAR","Poverty gap at $5.50 a day (2011 PPP) (%)","SI.POV.UMIC.GP","","","","","","","","","","","","","","","","","","","","","","","","","","","","","","","","","","","","","","","","","","","","","","","","","","","","","","","","","","","","","",
"East Asia & Pacific","EAS","Poverty gap at $5.50 a day (2011 PPP) (%)","SI.POV.UMIC.GP","","","","","","","","","","","","","","","","","","","","","","84.4","80.2","75.1","68.5","66.9","65.7","63.9","61.4","64.9","63.7","62.7","61.2","59.5","56.9","54.4","52","51.6","51.8","49.8","47.5","45.8","42.7","40.4","37.8","34.2","33","30.4","29","27","24","21.3","19.2","14.9","13.1","11.3","10","8.6","7.5","6.7","",
"Europe & Central Asia (excluding high income)","ECA","Poverty gap at $5.50 a day (2011 PPP) (%)","SI.POV.UMIC.GP","","","","","","","","","","","","","","","","","","","","","","","","","","","","","","","","","","","","","","","","","","","","","","","","","","","","","","","","","","","","","",
"Europe & Central Asia","ECS","Poverty gap at $5.50 a day (2011 PPP) (%)","SI.POV.UMIC.GP","","","","","","","","","","","","","","","","","","","","","","","","","","","","","","","8.5","9.6","11.9","14.1","17.2","15","15.8","14.2","14.5","18.5","16.5","15","13.4","12.9","11","10.2","8.7","7.5","6.3","6.2","6","5.6","5.4","5","5.1","4.9","4.5","4.4","3.9","3.9","",
"Ecuador","ECU","Poverty gap at $5.50 a day (2011 PPP) (%)","SI.POV.UMIC.GP","","","","","","","","","","","","","","","","","","","","","","","","","","","","","","","","","","","29.4","","","","","33.1","39.6","","","25.4","26","21.1","17.3","17","15.9","15.5","13.3","11.3","10.5","9.5","8.2","8.9","8.7","8.2","8.7","9.2","",
"Egypt, Arab Rep.","EGY","Poverty gap at $5.50 a day (2011 PPP) (%)","SI.POV.UMIC.GP","","","","","","","","","","","","","","","","","","","","","","","","","","","","","","","32.4","","","","","33","","","","24.5","","","","","29.9","","","","29","","23.5","","21.1","","","19.9","","26.2","","","",
"Euro area","EMU","Poverty gap at $5.50 a day (2011 PPP) (%)","SI.POV.UMIC.GP","","","","","","","","","","","","","","","","","","","","","","","","","","","","","","","","","","","","","","","","","","","","","","","","","","","","","","","","","","","","","",
"Eritrea","ERI","Poverty gap at $5.50 a day (2011 PPP) (%)","SI.POV.UMIC.GP","","","","","","","","","","","","","","","","","","","","","","","","","","","","","","","","","","","","","","","","","","","","","","","","","","","","","","","","","","","","","",
"Spain","ESP","Poverty gap at $5.50 a day (2011 PPP) (%)","SI.POV.UMIC.GP","","","","","","","","","","","","","","","","","","","","","2","","","","","1.6","","","","","1","","","","","1.8","","","","","0.7","","","1.1","1.2","1.1","1.1","0.7","0.8","1.1","1.1","1.6","1.4","1.6","1.4","1.5","1.6","1.1","1.2","","",
"Estonia","EST","Poverty gap at $5.50 a day (2011 PPP) (%)","SI.POV.UMIC.GP","","","","","","","","","","","","","","","","","","","","","","","","","","","","","","","","","","","","","","","","","","","","4.7","2.8","1.8","1.3","0.9","0.8","1","1.5","1.5","1.3","1.5","1.3","0.8","0.7","0.5","0.4","","",
"Ethiopia","ETH","Poverty gap at $5.50 a day (2011 PPP) (%)","SI.POV.UMIC.GP","","","","","","","","","","","","","","","","","","","","","","","","","","","","","","","","","","","","67.8","","","","63.9","","","","","55.6","","","","","","53.4","","","","","49.6","","","","","",
"European Union","EUU","Poverty gap at $5.50 a day (2011 PPP) (%)","SI.POV.UMIC.GP","","","","","","","","","","","","","","","","","","","","","","","","","","","","","","","","","","","","","","","","","","","","","","","","","","","","","","","","","","","","","",
"Fragile and conflict affected situations","FCS","Poverty gap at $5.50 a day (2011 PPP) (%)","SI.POV.UMIC.GP","","","","","","","","","","","","","","","","","","","","","","","","","","","","","","","","","","60.5","61.1","61.1","60.2","59.5","58.8","58.5","","56.7","56.1","56.9","54.3","53","51.8","51","50.2","49.9","48.8","48","46.9","46.7","46","47.5","47.5","47.4","","","",
"Finland","FIN","Poverty gap at $5.50 a day (2011 PPP) (%)","SI.POV.UMIC.GP","","","","","","","","","","","","","","","","","","","","","","","","","","","","0","","","","0.1","","","","0","","","","","0","","","0.1","0.1","0.1","0.1","0.1","0.1","0.1","0.1","0.1","0.1","0.1","0.1","0.1","0.1","0.1","0.1","","",
"Fiji","FJI","Poverty gap at $5.50 a day (2011 PPP) (%)","SI.POV.UMIC.GP","","","","","","","","","","","","","","","","","","","","","","","","","","","","","","","","","","","","","","","","","","","13.7","","","","","","11.1","","","","","9.5","","","","","","","",
"France","FRA","Poverty gap at $5.50 a day (2011 PPP) (%)","SI.POV.UMIC.GP","","","","","","","","","","","","","","","","","","","1.3","","","","","","1.9","","","","","1.2","","","","","0.1","","","","","","0.1","","","0.2","0.1","0.1","0.1","0","0","0.1","0.1","0.1","0.1","0.1","0.1","0.2","0.1","0","0.1","","",
"Faroe Islands","FRO","Poverty gap at $5.50 a day (2011 PPP) (%)","SI.POV.UMIC.GP","","","","","","","","","","","","","","","","","","","","","","","","","","","","","","","","","","","","","","","","","","","","","","","","","","","","","","","","","","","","","",
"Micronesia, Fed. Sts.","FSM","Poverty gap at $5.50 a day (2011 PPP) (%)","SI.POV.UMIC.GP","","","","","","","","","","","","","","","","","","","","","","","","","","","","","","","","","","","","","","","","","","","","","","20.7","","","","","","","","31.6","","","","","","","",
"Gabon","GAB","Poverty gap at $5.50 a day (2011 PPP) (%)","SI.POV.UMIC.GP","","","","","","","","","","","","","","","","","","","","","","","","","","","","","","","","","","","","","","","","","","","","","","22.2","","","","","","","","","","","","10.8","","","",
"United Kingdom","GBR","Poverty gap at $5.50 a day (2011 PPP) (%)","SI.POV.UMIC.GP","","","","","","","","","","1.1","","","","","0.3","","","","","0.5","","","","","","","1.1","","","","","0.5","","","0.5","1.1","","","","0.4","0.5","0.4","0.4","0.5","0.6","0.6","0.4","0.4","0.5","0.2","0.3","0.5","0.3","0.2","0.3","0.3","0.3","0.4","","","",
"Georgia","GEO","Poverty gap at $5.50 a day (2011 PPP) (%)","SI.POV.UMIC.GP","","","","","","","","","","","","","","","","","","","","","","","","","","","","","","","","","","","","","14.8","29.5","28.6","33.5","35.2","36.5","25.5","25.6","23.9","25.3","25.7","27","24.5","24.6","25.8","24.5","21.7","18.6","16.3","15.3","14.9","15.3","14.8","14.2","",
"Ghana","GHA","Poverty gap at $5.50 a day (2011 PPP) (%)","SI.POV.UMIC.GP","","","","","","","","","","","","","","","","","","","","","","","","","","","","54.5","53.8","","","57.4","","","","","","","47","","","","","","","37.9","","","","","","","25.2","","","","24.4","","","","",
"Gibraltar","GIB","Poverty gap at $5.50 a day (2011 PPP) (%)","SI.POV.UMIC.GP","","","","","","","","","","","","","","","","","","","","","","","","","","","","","","","","","","","","","","","","","","","","","","","","","","","","","","","","","","","","","",
"Guinea","GIN","Poverty gap at $5.50 a day (2011 PPP) (%)","SI.POV.UMIC.GP","","","","","","","","","","","","","","","","","","","","","","","","","","","","","","","","100","","","56.7","","","","","","","","65.4","","","","","62.1","","","","","52.1","","","","","","","","",
"Gambia, The","GMB","Poverty gap at $5.50 a day (2011 PPP) (%)","SI.POV.UMIC.GP","","","","","","","","","","","","","","","","","","","","","","","","","","","","","","","","","","","","","","","70","","","","","53.8","","","","","","","41.3","","","","","30.5","","","","","",
"Guinea-Bissau","GNB","Poverty gap at $5.50 a day (2011 PPP) (%)","SI.POV.UMIC.GP","","","","","","","","","","","","","","","","","","","","","","","","","","","","","","","","","","53.7","","","","","","","","","62.5","","","","","","","","67.5","","","","","","","","","","",
"Equatorial Guinea","GNQ","Poverty gap at $5.50 a day (2011 PPP) (%)","SI.POV.UMIC.GP","","","","","","","","","","","","","","","","","","","","","","","","","","","","","","","","","","","","","","","","","","","","","","","","","","","","","","","","","","","","","",
"Greece","GRC","Poverty gap at $5.50 a day (2011 PPP) (%)","SI.POV.UMIC.GP","","","","","","","","","","","","","","","","","","","","","","","","","","","","","","","","","","","","2.2","","","","","0.9","","","0.7","0.9","0.6","0.8","0.8","0.5","0.7","1.3","2","2.7","2.5","2.9","2.8","2.1","1.6","0.6","","",
"Grenada","GRD","Poverty gap at $5.50 a day (2011 PPP) (%)","SI.POV.UMIC.GP","","","","","","","","","","","","","","","","","","","","","","","","","","","","","","","","","","","","","","","","","","","","","","","","","","","","","","","","","","","","","",
"Greenland","GRL","Poverty gap at $5.50 a day (2011 PPP) (%)","SI.POV.UMIC.GP","","","","","","","","","","","","","","","","","","","","","","","","","","","","","","","","","","","","","","","","","","","","","","","","","","","","","","","","","","","","","",
"Guatemala","GTM","Poverty gap at $5.50 a day (2011 PPP) (%)","SI.POV.UMIC.GP","","","","","","","","","","","","","","","","","","","","","","","","","","","55","","","44","","","","","","","","","23.3","","19.1","","","","","","19.9","","","","","","","","20.5","","","","","","",
"Guam","GUM","Poverty gap at $5.50 a day (2011 PPP) (%)","SI.POV.UMIC.GP","","","","","","","","","","","","","","","","","","","","","","","","","","","","","","","","","","","","","","","","","","","","","","","","","","","","","","","","","","","","","",
"Guyana","GUY","Poverty gap at $5.50 a day (2011 PPP) (%)","SI.POV.UMIC.GP","","","","","","","","","","","","","","","","","","","","","","","","","","","","","","","","","43","","","","","","22","","","","","","","","","","","","","","","","","","","","","","",
"High income","HIC","Poverty gap at $5.50 a day (2011 PPP) (%)","SI.POV.UMIC.GP","","","","","","","","","","","","","","","","","","","","","","1.5","1.5","1.5","1.5","1.4","1.4","1.3","1.2","1","1","1","1","1.3","1.5","1.3","1.7","1.1","1","0.9","0.9","0.9","0.9","0.9","0.9","0.9","0.8","0.7","0.7","0.7","0.7","0.8","0.8","0.8","0.8","0.8","0.8","0.8","0.7","0.7","",
"Hong Kong SAR, China","HKG","Poverty gap at $5.50 a day (2011 PPP) (%)","SI.POV.UMIC.GP","","","","","","","","","","","","","","","","","","","","","","","","","","","","","","","","","","","","","","","","","","","","","","","","","","","","","","","","","","","","","",
"Honduras","HND","Poverty gap at $5.50 a day (2011 PPP) (%)","SI.POV.UMIC.GP","","","","","","","","","","","","","","","","","","","","","","","","","","","","","","49.8","51.8","45","41.5","36.4","37.6","38.6","41.2","32.7","35.7","36.4","","29.4","32.9","36.8","35.9","34.8","30.6","26.7","25.3","22.6","24.4","24.8","28.7","26","25.1","25","24.6","24.2","24.2","23.6","",
"Heavily indebted poor countries (HIPC)","HPC","Poverty gap at $5.50 a day (2011 PPP) (%)","SI.POV.UMIC.GP","","","","","","","","","","","","","","","","","","","","","","","","","","","","","","","","","","","","","","","","","","","","","","","","","","","","","","","","","","","","","",
"Croatia","HRV","Poverty gap at $5.50 a day (2011 PPP) (%)","SI.POV.UMIC.GP","","","","","","","","","","","","","","","","","","","","","","","","","","","","","","","","","","","","","","","","","","","","","","","","","","1.7","2.2","2.1","2.2","2.3","2","1.5","1.4","1.2","0.9","","",
"Haiti","HTI","Poverty gap at $5.50 a day (2011 PPP) (%)","SI.POV.UMIC.GP","","","","","","","","","","","","","","","","","","","","","","","","","","","","","","","","","","","","","","","","","","","","","","","","","","","","","39.4","","","","","","","","",
"Hungary","HUN","Poverty gap at $5.50 a day (2011 PPP) (%)","SI.POV.UMIC.GP","","","","","","","","","","","","","","","","","","","","","","","","","","","","","","","","","","","","","","","","","","","","","0.6","1.4","0.4","0.4","0.3","0.3","0.4","0.5","1","0.9","1.2","1.1","1.5","1.2","0.6","","",
"IBRD only","IBD","Poverty gap at $5.50 a day (2011 PPP) (%)","SI.POV.UMIC.GP","","","","","","","","","","","","","","","","","","","","","","","","","","","","","","","","","","","","","","","","","","","","","","","","","","","","","","","","","","","","","",
"IDA & IBRD total","IBT","Poverty gap at $5.50 a day (2011 PPP) (%)","SI.POV.UMIC.GP","","","","","","","","","","","","","","","","","","","","","","","","","","","","","","","","","","","","","","","","","","","","","","","","","","","","","","","","","","","","","",
"IDA total","IDA","Poverty gap at $5.50 a day (2011 PPP) (%)","SI.POV.UMIC.GP","","","","","","","","","","","","","","","","","","","","","","","","","","","","","","60.7","60.6","61.3","60.9","61.1","61.1","60.2","59.1","58.7","58.9","58.8","58.8","58.2","57.8","57.5","55.6","54.1","53.2","52.1","51.1","50.6","49.4","48.4","47.1","46.8","45.7","45.6","45.3","44.6","43.8","43.4","",
"IDA blend","IDB","Poverty gap at $5.50 a day (2011 PPP) (%)","SI.POV.UMIC.GP","","","","","","","","","","","","","","","","","","","","","","","","","","","","","","","","","","","","","","","","","","","","","","","","","","","","","","","","","","","","","",
"Indonesia","IDN","Poverty gap at $5.50 a day (2011 PPP) (%)","SI.POV.UMIC.GP","","","","","","","","","","","","","","","","","","","","","","","","","68.1","","","67.9","","","61.6","","","61.3","","","55.6","","65.2","54.4","53.9","52","43.8","42.8","43.3","41.6","45","40.5","39.9","38.1","34","31.8","30.8","28.9","27.1","25","23","21","19.2","18.2","",
"IDA only","IDX","Poverty gap at $5.50 a day (2011 PPP) (%)","SI.POV.UMIC.GP","","","","","","","","","","","","","","","","","","","","","","","","","","","","","","","","","","","","","","","","","","","","","","","","","","","","","","","","","","","","","",
"Isle of Man","IMN","Poverty gap at $5.50 a day (2011 PPP) (%)","SI.POV.UMIC.GP","","","","","","","","","","","","","","","","","","","","","","","","","","","","","","","","","","","","","","","","","","","","","","","","","","","","","","","","","","","","","",
"India","IND","Poverty gap at $5.50 a day (2011 PPP) (%)","SI.POV.UMIC.GP","","","","","","","","","","","","","","","","","","65.6","","","","","","62.7","","","","59.9","","","","","","58.5","","","","","","","","","","","54.1","","","","","50.5","","44.4","","","","","","","","","",
"Not classified","INX","Poverty gap at $5.50 a day (2011 PPP) (%)","SI.POV.UMIC.GP","","","","","","","","","","","","","","","","","","","","","","","","","","","","","","","","","","","","","","","","","","","","","","","","","","","","","","","","","","","","","",
"Ireland","IRL","Poverty gap at $5.50 a day (2011 PPP) (%)","SI.POV.UMIC.GP","","","","","","","","","","","","","","","","","","","","","","","","","","","","1.4","","","","","","","0.4","0.4","0.2","","","","0.2","","0.3","0.2","0.1","0.1","0.3","0.1","0.3","0.6","0.7","0.7","0.5","0.8","0.5","0.4","0.3","0.3","","","",
"Iran, Islamic Rep.","IRN","Poverty gap at $5.50 a day (2011 PPP) (%)","SI.POV.UMIC.GP","","","","","","","","","","","","","","","","","","","","","","","","","","","17","","","","17.2","","","","12.8","","","","12.2","","","","","","","4.5","4.6","","","4.6","","","","2.5","3.6","3.6","3.7","3.5","3.8","","",
"Iraq","IRQ","Poverty gap at $5.50 a day (2011 PPP) (%)","SI.POV.UMIC.GP","","","","","","","","","","","","","","","","","","","","","","","","","","","","","","","","","","","","","","","","","","","","","","","17.2","","","","","","15.8","","","","","","","","",
"Iceland","ISL","Poverty gap at $5.50 a day (2011 PPP) (%)","SI.POV.UMIC.GP","","","","","","","","","","","","","","","","","","","","","","","","","","","","","","","","","","","","","","","","","","","","0.1","0.2","0.1","0.2","0.1","0.1","0.1","0.2","0.2","0.1","0.1","0","0","0","0","","","",
"Israel","ISR","Poverty gap at $5.50 a day (2011 PPP) (%)","SI.POV.UMIC.GP","","","","","","","","","","","","","","","","","","","","1","","","","","","","1.3","","","","","","0.5","","","","","0.9","","","","0.6","","","","1.6","","1.3","","","1.1","","1.3","","1","","0.8","","","","",
"Italy","ITA","Poverty gap at $5.50 a day (2011 PPP) (%)","SI.POV.UMIC.GP","","","","","","","","","","","","","","","","","","","","","","","","","","","0.5","1.6","","0.1","","0.4","","1.8","","1.2","","","2.2","","1.7","","","1","0.9","0.9","0.9","0.9","0.9","1.1","1.5","1.4","1.6","1.8","1.6","2.3","2","1.8","","","",
"Jamaica","JAM","Poverty gap at $5.50 a day (2011 PPP) (%)","SI.POV.UMIC.GP","","","","","","","","","","","","","","","","","","","","","","","","","","","","","17.6","","17.9","","","25.8","","","14.5","","","10","","","11.2","","9.2","","","","","","","","","","","","","","","","",
"Jordan","JOR","Poverty gap at $5.50 a day (2011 PPP) (%)","SI.POV.UMIC.GP","","","","","","","","","","","","","","","","","","","","","","","","","","","5.4","","","","","","15.2","","","","","14","","","","","10","","","","5.8","","5","","3.6","","","","","","","","","","",
"Japan","JPN","Poverty gap at $5.50 a day (2011 PPP) (%)","SI.POV.UMIC.GP","","","","","","","","","","","","","","","","","","","","","","","","","","","","","","","","","","","","","","","","","","","","","","","","","0.7","","0.2","","","0.7","","","","","","","",
"Kazakhstan","KAZ","Poverty gap at $5.50 a day (2011 PPP) (%)","SI.POV.UMIC.GP","","","","","","","","","","","","","","","","","","","","","","","","","","","","","","","","","","","","","19.8","","","","","24.9","22","18.7","15.1","18.8","7.3","4.3","3.6","3.9","2.8","1.2","1.1","0.7","0.7","0.9","1.6","1","0.7","","",
"Kenya","KEN","Poverty gap at $5.50 a day (2011 PPP) (%)","SI.POV.UMIC.GP","","","","","","","","","","","","","","","","","","","","","","","","","","","","","","","","","42.4","","46.4","","","45.4","","","","","","","","53.3","","","","","","","","","","49.4","","","","","",
"Kyrgyz Republic","KGZ","Poverty gap at $5.50 a day (2011 PPP) (%)","SI.POV.UMIC.GP","","","","","","","","","","","","","","","","","","","","","","","","","","","","","","","","","","","","","","","","","52.4","49.7","48.7","46.2","31.7","35.2","27","26.3","19.6","17.7","19.6","18.2","19.2","21.1","17.7","19.8","17.6","17.6","15.2","14","",
"Cambodia","KHM","Poverty gap at $5.50 a day (2011 PPP) (%)","SI.POV.UMIC.GP","","","","","","","","","","","","","","","","","","","","","","","","","","","","","","","","","","","","","","","","","","","","","","","","","","","","","","","","","","","","","",
"Kiribati","KIR","Poverty gap at $5.50 a day (2011 PPP) (%)","SI.POV.UMIC.GP","","","","","","","","","","","","","","","","","","","","","","","","","","","","","","","","","","","","","","","","","","","","","","","29.1","","","","","","","","","","","","","","",
"St. Kitts and Nevis","KNA","Poverty gap at $5.50 a day (2011 PPP) (%)","SI.POV.UMIC.GP","","","","","","","","","","","","","","","","","","","","","","","","","","","","","","","","","","","","","","","","","","","","","","","","","","","","","","","","","","","","","",
"Korea, Rep.","KOR","Poverty gap at $5.50 a day (2011 PPP) (%)","SI.POV.UMIC.GP","","","","","","","","","","","","","","","","","","","","","","","","","","","","","","","","","","","","","","","","","","","","","","","0.5","","0.5","","0.6","","0.5","","0.4","","0.3","","","","",
"Kuwait","KWT","Poverty gap at $5.50 a day (2011 PPP) (%)","SI.POV.UMIC.GP","","","","","","","","","","","","","","","","","","","","","","","","","","","","","","","","","","","","","","","","","","","","","","","","","","","","","","","","","","","","","",
"Latin America & Caribbean (excluding high income)","LAC","Poverty gap at $5.50 a day (2011 PPP) (%)","SI.POV.UMIC.GP","","","","","","","","","","","","","","","","","","","","","","","","","","","","","","","","","","","","","","","","","","","","","","","","","","","","","","","","","","","","","",
"Lao PDR","LAO","Poverty gap at $5.50 a day (2011 PPP) (%)","SI.POV.UMIC.GP","","","","","","","","","","","","","","","","","","","","","","","","","","","","","","","","","48.5","","","","","59.3","","","","","50.5","","","","","46.1","","","","","35.8","","","","","","29.9","","",
"Lebanon","LBN","Poverty gap at $5.50 a day (2011 PPP) (%)","SI.POV.UMIC.GP","","","","","","","","","","","","","","","","","","","","","","","","","","","","","","","","","","","","","","","","","","","","","","","","","","","","0.2","","","","","","","","","",
"Liberia","LBR","Poverty gap at $5.50 a day (2011 PPP) (%)","SI.POV.UMIC.GP","","","","","","","","","","","","","","","","","","","","","","","","","","","","","","","","","","","","","","","","","","","","","","","","70.1","","","","","","","55.8","","55.9","","","","",
"Libya","LBY","Poverty gap at $5.50 a day (2011 PPP) (%)","SI.POV.UMIC.GP","","","","","","","","","","","","","","","","","","","","","","","","","","","","","","","","","","","","","","","","","","","","","","","","","","","","","","","","","","","","","",
"St. Lucia","LCA","Poverty gap at $5.50 a day (2011 PPP) (%)","SI.POV.UMIC.GP","","","","","","","","","","","","","","","","","","","","","","","","","","","","","","","","","","","","47.8","","","","","","","","","","","","","","","","","","","","","9.2","","","","",
"Latin America & Caribbean","LCN","Poverty gap at $5.50 a day (2011 PPP) (%)","SI.POV.UMIC.GP","","","","","","","","","","","","","","","","","","","","","","23.1","23.8","26.7","26.5","25.2","20.5","23.2","24.1","23.4","24.6","23.8","23.9","23.8","22.6","22.8","24.3","23.3","22.4","22.7","21.3","21.1","20.7","20.2","18.9","17.8","15.4","14.5","13.7","13.2","12.3","11.4","10.4","9.8","9.4","9","8.9","8.6","8.4","8.5","",
"Least developed countries: UN classification","LDC","Poverty gap at $5.50 a day (2011 PPP) (%)","SI.POV.UMIC.GP","","","","","","","","","","","","","","","","","","","","","","","","","","","","","","","","","","","","","","","","","","","","","","","","","","","","","","","","","","","","","",
"Low income","LIC","Poverty gap at $5.50 a day (2011 PPP) (%)","SI.POV.UMIC.GP","","","","","","","","","","","","","","","","","","","","","","","","","","","","","","","","","","","","65.9","64.9","64.5","64.4","64.2","64","63.1","63","63.1","61.4","60.2","59.4","58.4","57.2","57.3","56.6","56.3","55.9","55.7","55.6","56.2","56.3","56.1","","","",
"Liechtenstein","LIE","Poverty gap at $5.50 a day (2011 PPP) (%)","SI.POV.UMIC.GP","","","","","","","","","","","","","","","","","","","","","","","","","","","","","","","","","","","","","","","","","","","","","","","","","","","","","","","","","","","","","",
"Sri Lanka","LKA","Poverty gap at $5.50 a day (2011 PPP) (%)","SI.POV.UMIC.GP","","","","","","","","","","","","","","","","","","","","","","","","","","36.3","","","","","34.6","","","","","32.8","","","","","","","29.5","","","","22.5","","","19.3","","","16.5","","","","12.3","","","","",
"Lower middle income","LMC","Poverty gap at $5.50 a day (2011 PPP) (%)","SI.POV.UMIC.GP","","","","","","","","","","","","","","","","","","","","","","57.3","57.4","56.9","56.5","55.9","55.7","55.6","54.8","54.6","54","54","53.6","53.6","53.3","52.6","51.8","51.7","52","51.1","","50.2","49.1","48.4","47.6","46.4","46","44.6","44","43.1","40.9","38.5","37.1","36","34.6","","32","30.8","27.4","","",
"Low & middle income","LMY","Poverty gap at $5.50 a day (2011 PPP) (%)","SI.POV.UMIC.GP","","","","","","","","","","","","","","","","","","","","","","60.1","58.6","56.8","54.1","53.1","52.1","51.6","50.5","51.8","51.4","51.4","51","50.5","49.6","48.3","47.3","46.9","46.9","46.4","45.2","44.3","42.9","42","40.3","38.4","37.4","36","35.1","34.2","32.3","30.3","29","27.1","26","25","24.1","23.2","","","",
"Lesotho","LSO","Poverty gap at $5.50 a day (2011 PPP) (%)","SI.POV.UMIC.GP","","","","","","","","","","","","","","","","","","","","","","","","","","","55.4","","","","","","","","53.9","","","","","","","","65","","","","","","","","","","","","","","","38.6","","","",
"Late-demographic dividend","LTE","Poverty gap at $5.50 a day (2011 PPP) (%)","SI.POV.UMIC.GP","","","","","","","","","","","","","","","","","","","","","","","","","","","","","","","","","","","","","","","","","","","","","","","","","","","","","","","","","","","","","",
"Lithuania","LTU","Poverty gap at $5.50 a day (2011 PPP) (%)","SI.POV.UMIC.GP","","","","","","","","","","","","","","","","","","","","","","","","","","","","","","","","","","","","","","","","","","","","","6.8","4.4","2.6","1.9","2.1","3.8","3.1","1.7","2","1.8","2.2","1.5","1.9","1.7","1.2","","",
"Luxembourg","LUX","Poverty gap at $5.50 a day (2011 PPP) (%)","SI.POV.UMIC.GP","","","","","","","","","","","","","","","","","","","","","","","","","","0.1","","","","","","0","","","0","","","0","","","0","","","0.1","0","0.1","0","0","0","0.1","0","0.1","0.1","0.1","0.2","0.3","0.1","0.3","0.3","","",
"Latvia","LVA","Poverty gap at $5.50 a day (2011 PPP) (%)","SI.POV.UMIC.GP","","","","","","","","","","","","","","","","","","","","","","","","","","","","","","","","","","","","","","","","","","","","","5.4","5","2.7","1.6","2.2","3.6","3.6","2.9","2.6","2.4","1.9","1.5","1.3","1.3","0.9","","",
"Macao SAR, China","MAC","Poverty gap at $5.50 a day (2011 PPP) (%)","SI.POV.UMIC.GP","","","","","","","","","","","","","","","","","","","","","","","","","","","","","","","","","","","","","","","","","","","","","","","","","","","","","","","","","","","","","",
"St. Martin (French part)","MAF","Poverty gap at $5.50 a day (2011 PPP) (%)","SI.POV.UMIC.GP","","","","","","","","","","","","","","","","","","","","","","","","","","","","","","","","","","","","","","","","","","","","","","","","","","","","","","","","","","","","","",
"Morocco","MAR","Poverty gap at $5.50 a day (2011 PPP) (%)","SI.POV.UMIC.GP","","","","","","","","","","","","","","","","","","","","","","","","","26.9","","","","","","17.5","","","","","","","","22.6","","22.6","","","","","","15.7","","","","","","","8.4","","","","","","","",
"Monaco","MCO","Poverty gap at $5.50 a day (2011 PPP) (%)","SI.POV.UMIC.GP","","","","","","","","","","","","","","","","","","","","","","","","","","","","","","","","","","","","","","","","","","","","","","","","","","","","","","","","","","","","","",
"Moldova","MDA","Poverty gap at $5.50 a day (2011 PPP) (%)","SI.POV.UMIC.GP","","","","","","","","","","","","","","","","","","","","","","","","","","","","","","","","","","","","","","33.8","43.3","51","50.5","44.3","34.1","26.4","27","32.1","12.6","8.9","9.4","8.8","7.2","5.9","5.3","3.9","3.4","2.9","2.9","2.9","2.2","","",
"Madagascar","MDG","Poverty gap at $5.50 a day (2011 PPP) (%)","SI.POV.UMIC.GP","","","","","","","","","","","","","","","","","","","","","54.4","","","","","","","","","","","","","69","","","","67.5","","66.4","","68","","","","69.3","","","","","73.2","","74.2","","","","","","","","",
"Maldives","MDV","Poverty gap at $5.50 a day (2011 PPP) (%)","SI.POV.UMIC.GP","","","","","","","","","","","","","","","","","","","","","","","","","","","","","","","","","","","","","","","","","","","19.6","","","","","","","15.1","","","","","","","0.6","","","","",
"Middle East & North Africa","MEA","Poverty gap at $5.50 a day (2011 PPP) (%)","SI.POV.UMIC.GP","","","","","","","","","","","","","","","","","","","","","","","","","","25.3","25.1","25.2","25.1","24.9","22.9","25.6","24.4","23.8","23.3","23.9","23.6","22.6","20.3","19.2","18.7","18.2","18.3","19.8","18.1","17.2","16.6","16.1","15.7","14.8","13.8","13.5","13.2","13","13.3","14.6","15.2","16.4","17.5","","",
"Mexico","MEX","Poverty gap at $5.50 a day (2011 PPP) (%)","SI.POV.UMIC.GP","","","","","","","","","","","","","","","","","","","","","","","","","20.7","","","","","20.2","","","17.4","","17.2","","29.2","","23","","18.3","","16.2","","14.2","14.4","11.9","","12.8","","12","","11.3","","11.4","","8.1","","6.9","","",
"Marshall Islands","MHL","Poverty gap at $5.50 a day (2011 PPP) (%)","SI.POV.UMIC.GP","","","","","","","","","","","","","","","","","","","","","","","","","","","","","","","","","","","","","","","","","","","","","","","","","","","","","","","","","","","","","",
"Middle income","MIC","Poverty gap at $5.50 a day (2011 PPP) (%)","SI.POV.UMIC.GP","","","","","","","","","","","","","","","","","","","","","","","","","","","","","","","","","","","","","","","","","","","","","","","","","","","","","","","","","","","","","",
"North Macedonia","MKD","Poverty gap at $5.50 a day (2011 PPP) (%)","SI.POV.UMIC.GP","","","","","","","","","","","","","","","","","","","","","","","","","","","","","","","","","","","","","","","","","","","","","","","","","","16.4","16.1","14.3","12.9","11.3","9.7","9.4","8.7","8","6.7","","",
"Mali","MLI","Poverty gap at $5.50 a day (2011 PPP) (%)","SI.POV.UMIC.GP","","","","","","","","","","","","","","","","","","","","","","","","","","","","","","","","","","","79.7","","","","","","","62.5","","","","","58.6","","","58.7","","","","","","","","","","","",
"Malta","MLT","Poverty gap at $5.50 a day (2011 PPP) (%)","SI.POV.UMIC.GP","","","","","","","","","","","","","","","","","","","","","","","","","","","","","","","","","","","","","","","","","","","","","","","0.5","0.5","0.2","0.5","0.2","0.3","0.2","0.1","0","0.1","0.1","0.2","0.2","","",
"Myanmar","MMR","Poverty gap at $5.50 a day (2011 PPP) (%)","SI.POV.UMIC.GP","","","","","","","","","","","","","","","","","","","","","","","","","","","","","","","","","","","","","","","","","","","","","","","","","","","","","","","","22.5","","16.2","","","",
"Middle East & North Africa (excluding high income)","MNA","Poverty gap at $5.50 a day (2011 PPP) (%)","SI.POV.UMIC.GP","","","","","","","","","","","","","","","","","","","","","","","","","","","","","","","","","","","","","","","","","","","","","","","","","","","","","","","","","","","","","",
"Montenegro","MNE","Poverty gap at $5.50 a day (2011 PPP) (%)","SI.POV.UMIC.GP","","","","","","","","","","","","","","","","","","","","","","","","","","","","","","","","","","","","","","","","","","","","","","","","","","","","","9.2","7.4","7.3","6.8","5.9","","","","",
"Mongolia","MNG","Poverty gap at $5.50 a day (2011 PPP) (%)","SI.POV.UMIC.GP","","","","","","","","","","","","","","","","","","","","","","","","","","","","","","","","","","","","29.3","","","45","","","","27.2","","","","","12.1","","","10.7","8.5","5.8","","4.3","","7.8","","6.8","","",
"Northern Mariana Islands","MNP","Poverty gap at $5.50 a day (2011 PPP) (%)","SI.POV.UMIC.GP","","","","","","","","","","","","","","","","","","","","","","","","","","","","","","","","","","","","","","","","","","","","","","","","","","","","","","","","","","","","","",
"Mozambique","MOZ","Poverty gap at $5.50 a day (2011 PPP) (%)","SI.POV.UMIC.GP","","","","","","","","","","","","","","","","","","","","","","","","","","","","","","","","","","","","","77.3","","","","","","74.5","","","","","","69.4","","","","","","64.4","","","","","","",
"Mauritania","MRT","Poverty gap at $5.50 a day (2011 PPP) (%)","SI.POV.UMIC.GP","","","","","","","","","","","","","","","","","","","","","","","","","","","","51.4","","","","","","51.9","","38.2","","","","","36.4","","","","36.3","","","","27.5","","","","","","21.6","","","","","","",
"Mauritius","MUS","Poverty gap at $5.50 a day (2011 PPP) (%)","SI.POV.UMIC.GP","","","","","","","","","","","","","","","","","","","","","","","","","","","","","","","","","","","","","","","","","","","","","","","5.1","","","","","","4.3","","","","","2.9","","","",
"Malawi","MWI","Poverty gap at $5.50 a day (2011 PPP) (%)","SI.POV.UMIC.GP","","","","","","","","","","","","","","","","","","","","","","","","","","","","","","","","","","","","","","63.8","","","","","","","69.8","","","","","","69.9","","","","","","68.4","","","","",
"Malaysia","MYS","Poverty gap at $5.50 a day (2011 PPP) (%)","SI.POV.UMIC.GP","","","","","","","","","","","","","","","","","","","","","","","","","11.5","","","11.2","","10.7","","","10.2","","","10","","6.6","","","","","","6.9","","","4.7","","4.8","","","2","","0.8","","0.6","","","","","",
"North America","NAC","Poverty gap at $5.50 a day (2011 PPP) (%)","SI.POV.UMIC.GP","","","","","","","","","","","","","","","","","","","","","","","","","","","","","","","","","","","","","","","","","","","","","","","","","","","","","","","","","","","","","",
"Namibia","NAM","Poverty gap at $5.50 a day (2011 PPP) (%)","SI.POV.UMIC.GP","","","","","","","","","","","","","","","","","","","","","","","","","","","","","","","","","","","","","","","","","","","","42.5","","","","","","36.1","","","","","","24.3","","","","","",
"New Caledonia","NCL","Poverty gap at $5.50 a day (2011 PPP) (%)","SI.POV.UMIC.GP","","","","","","","","","","","","","","","","","","","","","","","","","","","","","","","","","","","","","","","","","","","","","","","","","","","","","","","","","","","","","",
"Niger","NER","Poverty gap at $5.50 a day (2011 PPP) (%)","SI.POV.UMIC.GP","","","","","","","","","","","","","","","","","","","","","","","","","","","","","","","","","73.3","","76.6","","","","","","","","","","","72","","69.4","","","","59.7","","","56.2","","","","","","",
"Nigeria","NGA","Poverty gap at $5.50 a day (2011 PPP) (%)","SI.POV.UMIC.GP","","","","","","","","","","","","","","","","","","","","","","","","","","61.5","","","","","","","62.9","","","","66.2","","","","","","","62.1","","","","","","61.2","","","","","","","","","52.8","","",
"Nicaragua","NIC","Poverty gap at $5.50 a day (2011 PPP) (%)","SI.POV.UMIC.GP","","","","","","","","","","","","","","","","","","","","","","","","","","","","","","","","","","45.7","","","","","36.9","","","30.1","","","","22.3","","","","19.7","","","","","12.3","","","","","","",
"Netherlands","NLD","Poverty gap at $5.50 a day (2011 PPP) (%)","SI.POV.UMIC.GP","","","","","","","","","","","","","","","","","","","","","","","","1.3","","","","0.4","","","1.2","","","1.7","","","","","","0.3","","","","","0.4","0.2","0.1","0.1","0.2","0.2","0.1","0.1","0.1","0.1","0.2","0.1","0.1","0.2","0.2","","",
"Norway","NOR","Poverty gap at $5.50 a day (2011 PPP) (%)","SI.POV.UMIC.GP","","","","","","","","","","","","","","","","","","","","0.4","","","","","","","0.2","","","","","0.4","","","","0.4","","","","","0.3","","","0.2","0.3","0.3","0.2","0.2","0.2","0.1","0.1","0.1","0.2","0.2","0.1","0.2","0.3","0.3","0.3","","",
"Nepal","NPL","Poverty gap at $5.50 a day (2011 PPP) (%)","SI.POV.UMIC.GP","","","","","","","","","","","","","","","","","","","","","","","","","","","","","","","","","","","","66.3","","","","","","","","57.3","","","","","","","38.5","","","","","","","","","","",
"Nauru","NRU","Poverty gap at $5.50 a day (2011 PPP) (%)","SI.POV.UMIC.GP","","","","","","","","","","","","","","","","","","","","","","","","","","","","","","","","","","","","","","","","","","","","","","","","","","","","","13","","","","","","","","",
"New Zealand","NZL","Poverty gap at $5.50 a day (2011 PPP) (%)","SI.POV.UMIC.GP","","","","","","","","","","","","","","","","","","","","","","","","","","","","","","","","","","","","","","","","","","","","","","","","","","","","","","","","","","","","","",
"OECD members","OED","Poverty gap at $5.50 a day (2011 PPP) (%)","SI.POV.UMIC.GP","","","","","","","","","","","","","","","","","","","","","","","","","","","","","","","","","","","","","","","","","","","","","","","","","","","","","","","","","","","","","",
"Oman","OMN","Poverty gap at $5.50 a day (2011 PPP) (%)","SI.POV.UMIC.GP","","","","","","","","","","","","","","","","","","","","","","","","","","","","","","","","","","","","","","","","","","","","","","","","","","","","","","","","","","","","","",
"Other small states","OSS","Poverty gap at $5.50 a day (2011 PPP) (%)","SI.POV.UMIC.GP","","","","","","","","","","","","","","","","","","","","","","","","","","","","","","","","","","","","","","","","","","","","","","","","","","","","","","","","","","","","","",
"Pakistan","PAK","Poverty gap at $5.50 a day (2011 PPP) (%)","SI.POV.UMIC.GP","","","","","","","","","","","","","","","","","","","","","","","","","","","","65.6","","","64.9","","","","","","45.8","","47.9","","","51.7","","","44.3","43.8","","41.3","","","36.4","35.5","","32.1","","29.1","","","29.4","","",
"Panama","PAN","Poverty gap at $5.50 a day (2011 PPP) (%)","SI.POV.UMIC.GP","","","","","","","","","","","","","","","","","","","","16.9","","","","","","","","","","30.3","","27.8","","","","22.2","","20.9","21.1","19.2","17.8","21.2","17.8","17.2","16.3","15.7","16.2","13.6","9.8","8.6","9","7.3","8","7","7.1","5.9","5.8","5.5","4.7","4.3","",
"Peru","PER","Poverty gap at $5.50 a day (2011 PPP) (%)","SI.POV.UMIC.GP","","","","","","","","","","","","","","","","","","","","","","","","","","","","","","","","","","","","","","26.1","25.7","26.2","25.5","27","24.4","22.7","23.3","25","22","18.9","16.3","14.7","12.6","11.7","10.7","10.1","9.5","9.2","9.1","9","7.9","7.1","",
"Philippines","PHL","Poverty gap at $5.50 a day (2011 PPP) (%)","SI.POV.UMIC.GP","","","","","","","","","","","","","","","","","","","","","","","","","","","","","","","","","","","","","","","","","29.2","","","28.3","","","29.3","","","26.6","","","26","","","21.3","","","16","","",
"Palau","PLW","Poverty gap at $5.50 a day (2011 PPP) (%)","SI.POV.UMIC.GP","","","","","","","","","","","","","","","","","","","","","","","","","","","","","","","","","","","","","","","","","","","","","","","","","","","","","","","","","","","","","",
"Papua New Guinea","PNG","Poverty gap at $5.50 a day (2011 PPP) (%)","SI.POV.UMIC.GP","","","","","","","","","","","","","","","","","","","","","","","","","","","","","","","","","","","","","57","","","","","","","","","","","","","50.2","","","","","","","","","","","",
"Poland","POL","Poverty gap at $5.50 a day (2011 PPP) (%)","SI.POV.UMIC.GP","","","","","","","","","","","","","","","","","","","","","","","","","","","","","","","","","","","","","","","","","","","","","4.5","2.7","1.9","1.2","0.8","0.9","0.9","0.9","0.8","0.9","0.9","0.8","0.6","0.5","0.4","","",
"Pre-demographic dividend","PRE","Poverty gap at $5.50 a day (2011 PPP) (%)","SI.POV.UMIC.GP","","","","","","","","","","","","","","","","","","","","","","","","","","","","","","","","","","","","","","","","","","","","","","","","","","","","","","","","","","","","","",
"Puerto Rico","PRI","Poverty gap at $5.50 a day (2011 PPP) (%)","SI.POV.UMIC.GP","","","","","","","","","","","","","","","","","","","","","","","","","","","","","","","","","","","","","","","","","","","","","","","","","","","","","","","","","","","","","",
"Korea, Dem. People's Rep.","PRK","Poverty gap at $5.50 a day (2011 PPP) (%)","SI.POV.UMIC.GP","","","","","","","","","","","","","","","","","","","","","","","","","","","","","","","","","","","","","","","","","","","","","","","","","","","","","","","","","","","","","",
"Portugal","PRT","Poverty gap at $5.50 a day (2011 PPP) (%)","SI.POV.UMIC.GP","","","","","","","","","","","","","","","","","","","","","","","","","","","","","","","","","","","","","","","","","","","","1.4","0.9","1","0.5","0.6","0.7","0.5","0.5","0.9","1.5","1.6","1.3","1.1","0.8","0.7","0.6","","",
"Paraguay","PRY","Poverty gap at $5.50 a day (2011 PPP) (%)","SI.POV.UMIC.GP","","","","","","","","","","","","","","","","","","","","","","","","","","","","","","","5","","","","","19","","16.4","","16.3","","15.4","21.4","16.3","14.1","13","15.9","14","11.6","12.1","11.3","10.7","8.4","6.2","6.6","6.4","6.3","5.1","5.1","4.7","",
"West Bank and Gaza","PSE","Poverty gap at $5.50 a day (2011 PPP) (%)","SI.POV.UMIC.GP","","","","","","","","","","","","","","","","","","","","","","","","","","","","","","","","","","","","","","","","","","","","","6.4","6.1","5","8.1","","4.4","4.7","4.4","","","","","5.6","","","","",
"Pacific island small states","PSS","Poverty gap at $5.50 a day (2011 PPP) (%)","SI.POV.UMIC.GP","","","","","","","","","","","","","","","","","","","","","","","","","","","","","","","","","","","","","","","","","","","","","","","","","","","","","","","","","","","","","",
"Post-demographic dividend","PST","Poverty gap at $5.50 a day (2011 PPP) (%)","SI.POV.UMIC.GP","","","","","","","","","","","","","","","","","","","","","","","","","","","","","","","","","","","","","","","","","","","","","","","","","","","","","","","","","","","","","",
"French Polynesia","PYF","Poverty gap at $5.50 a day (2011 PPP) (%)","SI.POV.UMIC.GP","","","","","","","","","","","","","","","","","","","","","","","","","","","","","","","","","","","","","","","","","","","","","","","","","","","","","","","","","","","","","",
"Qatar","QAT","Poverty gap at $5.50 a day (2011 PPP) (%)","SI.POV.UMIC.GP","","","","","","","","","","","","","","","","","","","","","","","","","","","","","","","","","","","","","","","","","","","","","","","","","","","","","","","","","","","","","",
"Romania","ROU","Poverty gap at $5.50 a day (2011 PPP) (%)","SI.POV.UMIC.GP","","","","","","","","","","","","","","","","","","","","","","","","","","","","","","","","","","","","","","","","","","","","","","","14.4","11.2","8.6","7.9","9","10.5","10.9","11.7","11.1","9.6","7","5.6","4.5","","",
"Russian Federation","RUS","Poverty gap at $5.50 a day (2011 PPP) (%)","SI.POV.UMIC.GP","","","","","","","","","","","","","","","","","","","","","","","","","","","","","","","","","","11.3","","","11.6","7.9","10.2","15.5","12.7","9.5","7.5","7.2","6.3","5.2","4","2.7","1.6","1.5","1.2","1","0.9","0.8","0.7","0.8","0.8","0.8","0.7","","",
"Rwanda","RWA","Poverty gap at $5.50 a day (2011 PPP) (%)","SI.POV.UMIC.GP","","","","","","","","","","","","","","","","","","","","","","","","","","","","","","","","","","","","","","","","","72.9","","","","","67.6","","","","","64.3","","","61.5","","","60.4","","","","",
"South Asia","SAS","Poverty gap at $5.50 a day (2011 PPP) (%)","SI.POV.UMIC.GP","","","","","","","","","","","","","","","","","","","","","","63.6","63.6","62.7","62.2","61.3","60.9","60.6","59.6","59.6","59.3","59.3","58.3","57.9","57.4","56.5","55.6","","","","","","54.3","53.7","52.9","51.5","50.9","49.8","49.2","48.5","46.5","43.4","41.9","40.4","38.8","","","","","","",
"Saudi Arabia","SAU","Poverty gap at $5.50 a day (2011 PPP) (%)","SI.POV.UMIC.GP","","","","","","","","","","","","","","","","","","","","","","","","","","","","","","","","","","","","","","","","","","","","","","","","","","","","","","","","","","","","","",
"Sudan","SDN","Poverty gap at $5.50 a day (2011 PPP) (%)","SI.POV.UMIC.GP","","","","","","","","","","","","","","","","","","","","","","","","","","","","","","","","","","","","","","","","","","","","","","","","","","33.5","","","","","34.3","","","","","","",
"Senegal","SEN","Poverty gap at $5.50 a day (2011 PPP) (%)","SI.POV.UMIC.GP","","","","","","","","","","","","","","","","","","","","","","","","","","","","","","","","68.7","","","62.5","","","","","","","57.2","","","","51","","","","","","51","","","","","","","","","",
"Singapore","SGP","Poverty gap at $5.50 a day (2011 PPP) (%)","SI.POV.UMIC.GP","","","","","","","","","","","","","","","","","","","","","","","","","","","","","","","","","","","","","","","","","","","","","","","","","","","","","","","","","","","","","",
"Solomon Islands","SLB","Poverty gap at $5.50 a day (2011 PPP) (%)","SI.POV.UMIC.GP","","","","","","","","","","","","","","","","","","","","","","","","","","","","","","","","","","","","","","","","","","","","","","55.6","","","","","","","43.1","","","","","","","","",
"Sierra Leone","SLE","Poverty gap at $5.50 a day (2011 PPP) (%)","SI.POV.UMIC.GP","","","","","","","","","","","","","","","","","","","","","","","","","","","","","","75.4","","","","","","","","","","","","","","69.8","","","","","","","","60.7","","","","","","","54.8","","",
"El Salvador","SLV","Poverty gap at $5.50 a day (2011 PPP) (%)","SI.POV.UMIC.GP","","","","","","","","","","","","","","","","","","","","","","","","","","","","","","27.2","","31.3","","","","23.4","24.6","","28.2","25.2","20.8","22.1","22.4","23.4","20","19.7","16.8","14.2","17.2","16.9","16","15.2","13.8","12.2","11.9","10.3","10.4","9","8.1","6.5","",
"San Marino","SMR","Poverty gap at $5.50 a day (2011 PPP) (%)","SI.POV.UMIC.GP","","","","","","","","","","","","","","","","","","","","","","","","","","","","","","","","","","","","","","","","","","","","","","","","","","","","","","","","","","","","","",
"Somalia","SOM","Poverty gap at $5.50 a day (2011 PPP) (%)","SI.POV.UMIC.GP","","","","","","","","","","","","","","","","","","","","","","","","","","","","","","","","","","","","","","","","","","","","","","","","","","","","","","","","","","68.8","","","",
"Serbia","SRB","Poverty gap at $5.50 a day (2011 PPP) (%)","SI.POV.UMIC.GP","","","","","","","","","","","","","","","","","","","","","","","","","","","","","","","","","","","","","","","","","","","","","","","","","","","","","9.3","10.6","11.5","10.8","10.2","8.6","","","",
"Sub-Saharan Africa (excluding high income)","SSA","Poverty gap at $5.50 a day (2011 PPP) (%)","SI.POV.UMIC.GP","","","","","","","","","","","","","","","","","","","","","","","","","","","","","","","","","","","","","","","","","","","","","","","","","","","","","","","","","","","","","",
"South Sudan","SSD","Poverty gap at $5.50 a day (2011 PPP) (%)","SI.POV.UMIC.GP","","","","","","","","","","","","","","","","","","","","","","","","","","","","","","","","","","","","","","","","","","","","","","","","","","53","","","","","","","74.2","","","","",
"Sub-Saharan Africa","SSF","Poverty gap at $5.50 a day (2011 PPP) (%)","SI.POV.UMIC.GP","","","","","","","","","","","","","","","","","","","","","","","","","","","","","","","59.6","60.6","61.9","62.6","63.2","62.9","62.2","62","62.1","62.1","62","61.4","60.8","60.7","59.3","58.4","57.6","56.9","56.1","56.1","55.3","54.1","53.1","52.8","52.1","51.9","51.8","51.4","51","","",
"Small states","SST","Poverty gap at $5.50 a day (2011 PPP) (%)","SI.POV.UMIC.GP","","","","","","","","","","","","","","","","","","","","","","","","","","","","","","","","","","","","","","","","","","","","","","","","","","","","","","","","","","","","","",
"Sao Tome and Principe","STP","Poverty gap at $5.50 a day (2011 PPP) (%)","SI.POV.UMIC.GP","","","","","","","","","","","","","","","","","","","","","","","","","","","","","","","","","","","","","","","","","48.6","","","","","","","","","","51.9","","","","","","","49.3","","","",
"Suriname","SUR","Poverty gap at $5.50 a day (2011 PPP) (%)","SI.POV.UMIC.GP","","","","","","","","","","","","","","","","","","","","","","","","","","","","","","","","","","","","","","","","29.2","","","","","","","","","","","","","","","","","","","","","",
"Slovak Republic","SVK","Poverty gap at $5.50 a day (2011 PPP) (%)","SI.POV.UMIC.GP","","","","","","","","","","","","","","","","","","","","","","","","","","","","","","","","","","","","","","","","","","","","","1.1","0.8","0.7","0.8","0.8","0.9","0.9","0.7","0.9","1","1.4","1","1.8","","0.9","","",
"Slovenia","SVN","Poverty gap at $5.50 a day (2011 PPP) (%)","SI.POV.UMIC.GP","","","","","","","","","","","","","","","","","","","","","","","","","","","","","","","","","","","","","","","","","","","","","0.1","0.2","0.1","0.1","0","0","0","0","0.1","0.1","0","0","0","0","0","","",
"Sweden","SWE","Poverty gap at $5.50 a day (2011 PPP) (%)","SI.POV.UMIC.GP","","","","","","","","8.4","","","","","","","","0.5","","","","","","0.4","","","","","","0.2","","","","","0.3","","","0.5","","","","","0.1","","","0.5","0.5","1.1","0.4","0.5","0.7","0.6","0.7","0.7","0.5","0.7","0.6","0.6","0.4","0.3","0.8","","",
"Eswatini","SWZ","Poverty gap at $5.50 a day (2011 PPP) (%)","SI.POV.UMIC.GP","","","","","","","","","","","","","","","","","","","","","","","","","","","","","","","","","","","78.5","","","","","","54.2","","","","","","","","","50.2","","","","","","","39.9","","","","",
"Sint Maarten (Dutch part)","SXM","Poverty gap at $5.50 a day (2011 PPP) (%)","SI.POV.UMIC.GP","","","","","","","","","","","","","","","","","","","","","","","","","","","","","","","","","","","","","","","","","","","","","","","","","","","","","","","","","","","","","",
"Seychelles","SYC","Poverty gap at $5.50 a day (2011 PPP) (%)","SI.POV.UMIC.GP","","","","","","","","","","","","","","","","","","","","","","","","","","","","","","","","","","","","","","","","","","","","","","","","","","","","","","2.6","","","","","1.5","","",
"Syrian Arab Republic","SYR","Poverty gap at $5.50 a day (2011 PPP) (%)","SI.POV.UMIC.GP","","","","","","","","","","","","","","","","","","","","","","","","","","","","","","","","","","","","","17","","","","","","","11.5","","","","","","","","","","","","","","","","","",
"Turks and Caicos Islands","TCA","Poverty gap at $5.50 a day (2011 PPP) (%)","SI.POV.UMIC.GP","","","","","","","","","","","","","","","","","","","","","","","","","","","","","","","","","","","","","","","","","","","","","","","","","","","","","","","","","","","","","",
"Chad","TCD","Poverty gap at $5.50 a day (2011 PPP) (%)","SI.POV.UMIC.GP","","","","","","","","","","","","","","","","","","","","","","","","","","","","","","","","","","","","","","","","","","","","64","","","","","","","","50.5","","","","","","","","","",
"East Asia & Pacific (IDA & IBRD countries)","TEA","Poverty gap at $5.50 a day (2011 PPP) (%)","SI.POV.UMIC.GP","","","","","","","","","","","","","","","","","","","","","","","","","","","","","","","","","","","","","","","","","","","","","","","","","","","","","","","","","","","","","",
"Europe & Central Asia (IDA & IBRD countries)","TEC","Poverty gap at $5.50 a day (2011 PPP) (%)","SI.POV.UMIC.GP","","","","","","","","","","","","","","","","","","","","","","","","","","","","","","","","","","","","","","","","","","","","","","","","","","","","","","","","","","","","","",
"Togo","TGO","Poverty gap at $5.50 a day (2011 PPP) (%)","SI.POV.UMIC.GP","","","","","","","","","","","","","","","","","","","","","","","","","","","","","","","","","","","","","","","","","","","","","","","60","","","","","59.3","","","","57.1","","","","","",
"Thailand","THA","Poverty gap at $5.50 a day (2011 PPP) (%)","SI.POV.UMIC.GP","","","","","","","","","","","","","","","","","","","","","","33","","","","","","","30.4","","27.6","","23.3","","17.7","","14.6","","14.1","16.5","16.8","","12.4","","9.8","","7.4","6.2","5.4","4.6","4","2.7","2.8","2.2","2","1.2","1.4","1.3","1.5","1","",
"Tajikistan","TJK","Poverty gap at $5.50 a day (2011 PPP) (%)","SI.POV.UMIC.GP","","","","","","","","","","","","","","","","","","","","","","","","","","","","","","","","","","","","","","","","61.2","","","","46.5","35","","","27.7","","20.4","","","","","","17.1","","","","","",
"Turkmenistan","TKM","Poverty gap at $5.50 a day (2011 PPP) (%)","SI.POV.UMIC.GP","","","","","","","","","","","","","","","","","","","","","","","","","","","","","","","","","","","","","","","57.1","","","","","","","","","","","","","","","","","","","","","","",
"Latin America & the Caribbean (IDA & IBRD countries)","TLA","Poverty gap at $5.50 a day (2011 PPP) (%)","SI.POV.UMIC.GP","","","","","","","","","","","","","","","","","","","","","","","","","","","","","","","","","","","","","","","","","","","","","","","","","","","","","","","","","","","","","",
"Timor-Leste","TLS","Poverty gap at $5.50 a day (2011 PPP) (%)","SI.POV.UMIC.GP","","","","","","","","","","","","","","","","","","","","","","","","","","","","","","","","","","","","","","","","","","51.9","","","","","","54.8","","","","","","","46.6","","","","","","",
"Middle East & North Africa (IDA & IBRD countries)","TMN","Poverty gap at $5.50 a day (2011 PPP) (%)","SI.POV.UMIC.GP","","","","","","","","","","","","","","","","","","","","","","","","","","","","","","","","","","","","","","","","","","","","","","","","","","","","","","","","","","","","","",
"Tonga","TON","Poverty gap at $5.50 a day (2011 PPP) (%)","SI.POV.UMIC.GP","","","","","","","","","","","","","","","","","","","","","","","","","","","","","","","","","","","","","","","","","8.9","","","","","","","","","9.2","","","","","","8","","","","","",
"South Asia (IDA & IBRD)","TSA","Poverty gap at $5.50 a day (2011 PPP) (%)","SI.POV.UMIC.GP","","","","","","","","","","","","","","","","","","","","","","","","","","","","","","","","","","","","","","","","","","","","","","","","","","","","","","","","","","","","","",
"Sub-Saharan Africa (IDA & IBRD countries)","TSS","Poverty gap at $5.50 a day (2011 PPP) (%)","SI.POV.UMIC.GP","","","","","","","","","","","","","","","","","","","","","","","","","","","","","","","","","","","","","","","","","","","","","","","","","","","","","","","","","","","","","",
"Trinidad and Tobago","TTO","Poverty gap at $5.50 a day (2011 PPP) (%)","SI.POV.UMIC.GP","","","","","","","","","","","","","","","","","","","","","","","","","","","","","7.1","","","","11.3","","","","","","","","","","","","","","","","","","","","","","","","","","","","",
"Tunisia","TUN","Poverty gap at $5.50 a day (2011 PPP) (%)","SI.POV.UMIC.GP","","","","","","","","","","","","","","","","","","","","","","","","","","30.1","","","","","25","","","","","25.8","","","","","19.3","","","","","14.1","","","","","9.3","","","","","4.2","","","","","",
"Turkey","TUR","Poverty gap at $5.50 a day (2011 PPP) (%)","SI.POV.UMIC.GP","","","","","","","","","","","","","","","","","","","","","","","","","","","","12.8","","","","","","","13.1","","","","","","","","11.3","13.1","9.1","8.5","7.2","6.1","5.1","4.7","4.6","3.8","3.4","3","2.7","2.9","2.3","2.1","1.9","2.7","",
"Tuvalu","TUV","Poverty gap at $5.50 a day (2011 PPP) (%)","SI.POV.UMIC.GP","","","","","","","","","","","","","","","","","","","","","","","","","","","","","","","","","","","","","","","","","","","","","","","","","","","16.1","","","","","","","","","","",
"Tanzania","TZA","Poverty gap at $5.50 a day (2011 PPP) (%)","SI.POV.UMIC.GP","","","","","","","","","","","","","","","","","","","","","","","","","","","","","","","","70.4","","","","","","","","","78.9","","","","","","","63.6","","","","58","","","","","","57","","","",
"Uganda","UGA","Poverty gap at $5.50 a day (2011 PPP) (%)","SI.POV.UMIC.GP","","","","","","","","","","","","","","","","","","","","","","","","","","","","","","62.9","","","66.4","","","","65.4","","","67.3","","","65.6","","","61","","","","54.8","","","49.6","","","","51.8","","","","",
"Ukraine","UKR","Poverty gap at $5.50 a day (2011 PPP) (%)","SI.POV.UMIC.GP","","","","","","","","","","","","","","","","","","","","","","","","","","","","","","","","","11.9","10.7","","16.9","19.3","","","","","","12.4","8.7","6.5","3.7","2.8","2.4","1.2","1.4","0.8","0.7","0.5","0.4","0.4","1.1","1","0.7","0.6","0.4","",
"Upper middle income","UMC","Poverty gap at $5.50 a day (2011 PPP) (%)","SI.POV.UMIC.GP","","","","","","","","","","","","","","","","","","","","","","62.6","59.4","56","50.7","49.1","47.1","46.3","44.6","47.5","47.1","46.9","46.1","45.2","43.4","41.3","39.9","39.2","38.6","38.5","36.1","34.6","32.6","31.1","28.3","25.3","23.4","21.6","20.3","18.9","17.2","15","13.3","9.9","8.7","7.6","6.7","5.9","5.2","4.9","",
"Uruguay","URY","Poverty gap at $5.50 a day (2011 PPP) (%)","SI.POV.UMIC.GP","","","","","","","","","","","","","","","","","","","","","","","","","","","","","","","","","2.5","","","2.3","2.5","2.4","2.4","","2.5","2.9","3.8","5.1","5.9","5.3","4.6","3.8","2.6","2.5","2","1.5","1.4","1.2","1","0.9","0.9","0.7","0.6","0.7","",
"United States","USA","Poverty gap at $5.50 a day (2011 PPP) (%)","SI.POV.UMIC.GP","","","","","","","","","","","","","","","0.9","","","","","0.7","","","","","","","0.7","","","","","0.7","0.7","0.7","0.8","0.7","0.7","0.8","0.9","0.8","0.8","1","0.9","1.1","1.1","1.1","1.1","1.1","1.2","1","1.2","1.2","1.2","1.1","1.4","1.3","1.2","1.3","1.2","","",
"Uzbekistan","UZB","Poverty gap at $5.50 a day (2011 PPP) (%)","SI.POV.UMIC.GP","","","","","","","","","","","","","","","","","","","","","","","","","","","","","","","","","","","","","","","51.6","","64.9","","62.5","64.4","","","","","","","","","","","","","","","","","",
"St. Vincent and the Grenadines","VCT","Poverty gap at $5.50 a day (2011 PPP) (%)","SI.POV.UMIC.GP","","","","","","","","","","","","","","","","","","","","","","","","","","","","","","","","","","","","","","","","","","","","","","","","","","","","","","","","","","","","","",
"Venezuela, RB","VEN","Poverty gap at $5.50 a day (2011 PPP) (%)","SI.POV.UMIC.GP","","","","","","","","","","","","","","","","","","","","","","14","","","","","","15.2","","10.8","","","10.5","","","19.2","","","19","21","","19.3","26.2","30.4","26.5","22","13.5","","","","","","","","","","","","","","",
"British Virgin Islands","VGB","Poverty gap at $5.50 a day (2011 PPP) (%)","SI.POV.UMIC.GP","","","","","","","","","","","","","","","","","","","","","","","","","","","","","","","","","","","","","","","","","","","","","","","","","","","","","","","","","","","","","",
"Virgin Islands (U.S.)","VIR","Poverty gap at $5.50 a day (2011 PPP) (%)","SI.POV.UMIC.GP","","","","","","","","","","","","","","","","","","","","","","","","","","","","","","","","","","","","","","","","","","","","","","","","","","","","","","","","","","","","","",
"Vietnam","VNM","Poverty gap at $5.50 a day (2011 PPP) (%)","SI.POV.UMIC.GP","","","","","","","","","","","","","","","","","","","","","","","","","","","","","","","","","58.9","","","","","49","","","","","50.8","","43.7","","38.2","","35.1","","16.1","","13.1","","11.1","","8.4","","6.9","","",
"Vanuatu","VUT","Poverty gap at $5.50 a day (2011 PPP) (%)","SI.POV.UMIC.GP","","","","","","","","","","","","","","","","","","","","","","","","","","","","","","","","","","","","","","","","","","","","","","","","","","","31.7","","","","","","","","","","",
"World","WLD","Poverty gap at $5.50 a day (2011 PPP) (%)","SI.POV.UMIC.GP","","","","","","","","","","","","","","","","","","","","","","47.8","46.7","45.4","43.4","42.7","42","41.7","40.9","42","41.7","41.8","41.5","41.3","40.6","39.7","38.9","38.6","38.6","38.2","37.3","36.6","35.6","34.9","33.5","31.9","31.1","29.9","29.2","28.5","27","25.3","24.3","22.7","21.8","21","20.3","19.5","","","",
"Samoa","WSM","Poverty gap at $5.50 a day (2011 PPP) (%)","SI.POV.UMIC.GP","","","","","","","","","","","","","","","","","","","","","","","","","","","","","","","","","","","","","","","","","","","11.6","","","","","","10.7","","","","","9.8","","","","","","","",
"Kosovo","XKX","Poverty gap at $5.50 a day (2011 PPP) (%)","SI.POV.UMIC.GP","","","","","","","","","","","","","","","","","","","","","","","","","","","","","","","","","","","","","","","","","","","","18.9","","19.6","19.4","","","15.5","15.6","12.6","8.2","6.1","7.2","5.7","5.6","5.6","","","",
"Yemen, Rep.","YEM","Poverty gap at $5.50 a day (2011 PPP) (%)","SI.POV.UMIC.GP","","","","","","","","","","","","","","","","","","","","","","","","","","","","","","","","","","","","","","","23.4","","","","","","","30.8","","","","","","","","","38.6","","","","","","",
"South Africa","ZAF","Poverty gap at $5.50 a day (2011 PPP) (%)","SI.POV.UMIC.GP","","","","","","","","","","","","","","","","","","","","","","","","","","","","","","","","","","38.4","","","43","","","","41.3","","","","","36.9","","","28.3","","27.5","","","","29","","","","","","",
"Zambia","ZMB","Poverty gap at $5.50 a day (2011 PPP) (%)","SI.POV.UMIC.GP","","","","","","","","","","","","","","","","","","","","","","","","","","","","","","","","60.1","","60.6","","","51.4","","52.1","","","","58.9","","61.2","","63.7","","","","65.3","","","","","61.1","","","","","",
"Zimbabwe","ZWE","Poverty gap at $5.50 a day (2011 PPP) (%)","SI.POV.UMIC.GP","","","","","","","","","","","","","","","","","","","","","","","","","","","","","","","","","","","","","","","","","","","","","","","","","","","","36.1","","","","","","45.2","","48.4","",
